mode,scenario,step,x,y,heading,distance_to_target,heading_error,requested_action,action,left_drive,right_drive,turn_bias,locomotion_drive,collision
baseline,left,0,15.0,10.0,0.0,10.0,1.5707963267948966,idle,idle,0.017857142857142856,0.0,-0.017857142857142856,0.01904761904761905,False
baseline,left,1,15.46968635642369,10.171448903727725,0.35,9.839767371510645,1.2685479538457844,turn_left,turn_left,0.3392857142857143,0.07317073170731707,-0.2661149825783972,0.21904761904761905,False
baseline,left,2,15.93937271284738,10.34289780745545,0.35,9.702682301863284,1.3177639911034404,walk_forward,walk_forward,0.19642857142857142,0.2682926829268293,0.07186411149825786,0.2571428571428571,False
baseline,left,3,16.43937271284738,10.34289780745545,0.0,9.76378085393862,1.7187551890365642,turn_right,turn_right,0.39285714285714285,0.5853658536585366,0.1925087108013937,0.45714285714285713,False
baseline,left,4,16.90905906927107,10.514346711183176,0.35,9.675852667626122,1.4194007488574196,turn_left,turn_left,0.4107142857142857,0.14634146341463414,-0.26437282229965153,0.2857142857142857,False
baseline,left,5,17.37874542569476,10.685795614910901,0.35,9.613159372832468,1.4708405317071218,walk_forward,walk_forward,0.19642857142857142,0.2682926829268293,0.07186411149825786,0.2571428571428571,False
baseline,left,6,17.87874542569476,10.685795614910901,0.0,9.748927046253423,1.8705537301778705,turn_right,turn_right,0.39285714285714285,0.5853658536585366,0.1925087108013937,0.45714285714285713,False
baseline,left,7,18.34843178211845,10.857244518638627,0.35,9.736630484488172,1.5718639076468084,turn_left,turn_left,0.4107142857142857,0.14634146341463414,-0.26437282229965153,0.2857142857142857,False
baseline,left,8,18.81811813854214,11.028693422366352,0.35,9.749993222036478,1.623168469345703,walk_forward,walk_forward,0.19642857142857142,0.2682926829268293,0.07186411149825786,0.2571428571428571,False
baseline,left,9,19.31811813854214,11.028693422366352,0.0,9.956429378461909,2.0193929927477083,turn_right,turn_right,0.39285714285714285,0.5853658536585366,0.1925087108013937,0.45714285714285713,False
baseline,left,10,19.78780449496583,11.200142326094078,0.35,10.018012126316076,1.7190811383285038,turn_left,turn_left,0.4107142857142857,0.14634146341463414,-0.26437282229965153,0.2857142857142857,False
baseline,left,11,20.25749085138952,11.371591229821803,0.35,10.103991684365765,1.7680430357323957,walk_forward,walk_forward,0.19642857142857142,0.2682926829268293,0.07186411149825786,0.2571428571428571,False
baseline,left,12,20.75749085138952,11.371591229821803,0.0,10.372952270647062,2.1592175112469416,turn_right,turn_right,0.39285714285714285,0.5853658536585366,0.1925087108013937,0.45714285714285713,False
baseline,left,13,21.22717720781321,11.543040133549528,0.35,10.502280997967171,1.8554959812127385,turn_left,turn_left,0.4107142857142857,0.14634146341463414,-0.26437282229965153,0.2857142857142857,False
baseline,left,14,21.6968635642369,11.714489037277254,0.35,10.653528688251727,1.9005548025881098,walk_forward,walk_forward,0.19642857142857142,0.2682926829268293,0.07186411149825786,0.2571428571428571,False
baseline,left,15,22.1968635642369,11.714489037277254,0.0,10.974722642310349,2.2859947593171674,turn_right,turn_right,0.39285714285714285,0.5853658536585366,0.1925087108013937,0.45714285714285713,False
baseline,left,16,22.66654992066059,11.885937941004979,0.35,11.163063682663617,1.9778437371126651,turn_left,turn_left,0.4107142857142857,0.14634146341463414,-0.26437282229965153,0.2857142857142857,False
baseline,left,17,23.13623627708428,12.057386844732704,0.35,11.370287792785518,2.0182360087231594,walk_forward,walk_forward,0.19642857142857142,0.2682926829268293,0.07186411149825786,0.2571428571428571,False
baseline,left,18,23.63623627708428,12.057386844732704,0.0,11.733272381047481,2.3980079370308194,turn_right,turn_right,0.39285714285714285,0.5853658536585366,0.1925087108013937,0.45714285714285713,False
baseline,left,19,24.10592263350797,12.22883574846043,0.35,11.971166226890315,2.085117228803333,turn_left,turn_left,0.4107142857142857,0.14634146341463414,-0.26437282229965153,0.2857142857142857,False
baseline,left,20,24.57560898993166,12.400284652188155,0.35,12.224891038198537,2.1207335420187863,walk_forward,walk_forward,0.19642857142857142,0.2682926829268293,0.07186411149825786,0.2571428571428571,False
baseline,left,21,25.07560898993166,12.400284652188155,0.0,12.620363302447302,2.4953652423843855,turn_right,turn_right,0.39285714285714285,0.5853658536585366,0.1925087108013937,0.45714285714285713,False
baseline,left,22,25.54529534635535,12.57173355591588,0.35,12.898930045014195,2.1779096028960523,turn_left,turn_left,0.4107142857142857,0.14634146341463414,-0.26437282229965153,0.2857142857142857,False
baseline,left,23,26.01498170277904,12.743182459643606,0.35,13.190573252386768,2.20904665130852,walk_forward,walk_forward,0.19642857142857142,0.2682926829268293,0.07186411149825786,0.2571428571428571,False
baseline,left,24,26.51498170277904,12.743182459643606,0.0,13.610885512315512,2.579258020051911,turn_right,turn_right,0.39285714285714285,0.5853658536585366,0.1925087108013937,0.45714285714285713,False
baseline,left,25,26.98466805920273,12.914631363371331,0.35,13.922453706376448,2.257666836256469,turn_left,turn_left,0.4107142857142857,0.14634146341463414,-0.26437282229965153,0.2857142857142857,False
baseline,left,26,27.45435441562642,13.086080267099057,0.35,14.244761492669168,2.2848111740479378,walk_forward,walk_forward,0.19642857142857142,0.2682926829268293,0.07186411149825786,0.2571428571428571,False
baseline,left,27,27.95435441562642,13.086080267099057,0.0,14.683922650254488,2.6513390422270877,turn_right,turn_right,0.39285714285714285,0.5853658536585366,0.1925087108013937,0.45714285714285713,False
baseline,left,28,28.42404077205011,13.257529170826782,0.35,15.02217639131945,2.3261320104092986,turn_left,turn_left,0.4107142857142857,0.14634146341463414,-0.26437282229965153,0.2857142857142857,False
baseline,left,29,28.8937271284738,13.428978074554507,0.35,15.36925446029098,2.349819221470225,walk_forward,walk_forward,0.19642857142857142,0.2682926829268293,0.07186411149825786,0.2571428571428571,False
baseline,left,30,29.3937271284738,13.428978074554507,0.0,15.822696034293523,2.713330076919704,turn_right,turn_right,0.39285714285714285,0.5853658536585366,0.1925087108013937,0.45714285714285713,False
baseline,left,31,29.86341348489749,13.600426978282233,0.35,16.1825707254234,2.3850231156121886,turn_left,turn_left,0.4107142857142857,0.14634146341463414,-0.26437282229965153,0.2857142857142857,False
baseline,left,32,29.86341348489749,13.600426978282233,0.35,16.1825707254234,2.3850231156121886,walk_forward,rest,0.19642857142857142,0.2682926829268293,0.07186411149825786,0.0,True
baseline,left,33,29.86341348489749,13.600426978282233,0.35,16.1825707254234,2.3850231156121886,turn_right,rest,0.39285714285714285,0.5853658536585366,0.1925087108013937,0.0,True
baseline,left,34,29.86341348489749,13.600426978282233,0.35,16.1825707254234,2.3850231156121886,turn_left,rest,0.4107142857142857,0.14634146341463414,-0.26437282229965153,0.0,True
baseline,left,35,29.86341348489749,13.600426978282233,0.35,16.1825707254234,2.3850231156121886,walk_forward,rest,0.19642857142857142,0.2682926829268293,0.07186411149825786,0.0,True
baseline,left,36,29.86341348489749,13.600426978282233,0.35,16.1825707254234,2.3850231156121886,turn_right,rest,0.39285714285714285,0.5853658536585366,0.1925087108013937,0.0,True
baseline,left,37,29.86341348489749,13.600426978282233,0.35,16.1825707254234,2.3850231156121886,turn_left,rest,0.4107142857142857,0.14634146341463414,-0.26437282229965153,0.0,True
baseline,left,38,29.86341348489749,13.600426978282233,0.35,16.1825707254234,2.3850231156121886,walk_forward,rest,0.19642857142857142,0.2682926829268293,0.07186411149825786,0.0,True
baseline,left,39,29.86341348489749,13.600426978282233,0.35,16.1825707254234,2.3850231156121886,turn_right,rest,0.39285714285714285,0.5853658536585366,0.1925087108013937,0.0,True
baseline,left,40,29.86341348489749,13.600426978282233,0.35,16.1825707254234,2.3850231156121886,turn_left,rest,0.4107142857142857,0.14634146341463414,-0.26437282229965153,0.0,True
baseline,left,41,29.86341348489749,13.600426978282233,0.35,16.1825707254234,2.3850231156121886,walk_forward,rest,0.19642857142857142,0.2682926829268293,0.07186411149825786,0.0,True
baseline,left,42,29.86341348489749,13.600426978282233,0.35,16.1825707254234,2.3850231156121886,turn_right,rest,0.39285714285714285,0.5853658536585366,0.1925087108013937,0.0,True
baseline,left,43,29.86341348489749,13.600426978282233,0.35,16.1825707254234,2.3850231156121886,turn_left,rest,0.4107142857142857,0.14634146341463414,-0.26437282229965153,0.0,True
baseline,left,44,29.86341348489749,13.600426978282233,0.35,16.1825707254234,2.3850231156121886,walk_forward,rest,0.19642857142857142,0.2682926829268293,0.07186411149825786,0.0,True
baseline,left,45,29.86341348489749,13.600426978282233,0.35,16.1825707254234,2.3850231156121886,turn_right,rest,0.39285714285714285,0.5853658536585366,0.1925087108013937,0.0,True
baseline,left,46,29.86341348489749,13.600426978282233,0.35,16.1825707254234,2.3850231156121886,turn_left,rest,0.4107142857142857,0.14634146341463414,-0.26437282229965153,0.0,True
baseline,left,47,29.86341348489749,13.600426978282233,0.35,16.1825707254234,2.3850231156121886,walk_forward,rest,0.19642857142857142,0.2682926829268293,0.07186411149825786,0.0,True
baseline,left,48,29.86341348489749,13.600426978282233,0.35,16.1825707254234,2.3850231156121886,turn_right,rest,0.39285714285714285,0.5853658536585366,0.1925087108013937,0.0,True
baseline,left,49,29.86341348489749,13.600426978282233,0.35,16.1825707254234,2.3850231156121886,turn_left,rest,0.4107142857142857,0.14634146341463414,-0.26437282229965153,0.0,True
baseline,left,50,29.86341348489749,13.600426978282233,0.35,16.1825707254234,2.3850231156121886,walk_forward,rest,0.19642857142857142,0.2682926829268293,0.07186411149825786,0.0,True
baseline,left,51,29.86341348489749,13.600426978282233,0.35,16.1825707254234,2.3850231156121886,turn_right,rest,0.39285714285714285,0.5853658536585366,0.1925087108013937,0.0,True
baseline,left,52,29.86341348489749,13.600426978282233,0.35,16.1825707254234,2.3850231156121886,turn_left,rest,0.4107142857142857,0.14634146341463414,-0.26437282229965153,0.0,True
baseline,left,53,29.86341348489749,13.600426978282233,0.35,16.1825707254234,2.3850231156121886,walk_forward,rest,0.19642857142857142,0.2682926829268293,0.07186411149825786,0.0,True
baseline,left,54,29.86341348489749,13.600426978282233,0.35,16.1825707254234,2.3850231156121886,turn_right,rest,0.39285714285714285,0.5853658536585366,0.1925087108013937,0.0,True
baseline,left,55,29.86341348489749,13.600426978282233,0.35,16.1825707254234,2.3850231156121886,turn_left,rest,0.4107142857142857,0.14634146341463414,-0.26437282229965153,0.0,True
baseline,left,56,29.86341348489749,13.600426978282233,0.35,16.1825707254234,2.3850231156121886,walk_forward,rest,0.19642857142857142,0.2682926829268293,0.07186411149825786,0.0,True
baseline,left,57,29.86341348489749,13.600426978282233,0.35,16.1825707254234,2.3850231156121886,turn_right,rest,0.39285714285714285,0.5853658536585366,0.1925087108013937,0.0,True
baseline,left,58,29.86341348489749,13.600426978282233,0.35,16.1825707254234,2.3850231156121886,turn_left,rest,0.4107142857142857,0.14634146341463414,-0.26437282229965153,0.0,True
baseline,left,59,29.86341348489749,13.600426978282233,0.35,16.1825707254234,2.3850231156121886,walk_forward,rest,0.19642857142857142,0.2682926829268293,0.07186411149825786,0.0,True
baseline,left,60,29.86341348489749,13.600426978282233,0.35,16.1825707254234,2.3850231156121886,turn_right,rest,0.39285714285714285,0.5853658536585366,0.1925087108013937,0.0,True
baseline,left,61,29.86341348489749,13.600426978282233,0.35,16.1825707254234,2.3850231156121886,turn_left,rest,0.4107142857142857,0.14634146341463414,-0.26437282229965153,0.0,True
baseline,left,62,29.86341348489749,13.600426978282233,0.35,16.1825707254234,2.3850231156121886,walk_forward,rest,0.19642857142857142,0.2682926829268293,0.07186411149825786,0.0,True
baseline,left,63,29.86341348489749,13.600426978282233,0.35,16.1825707254234,2.3850231156121886,turn_right,rest,0.39285714285714285,0.5853658536585366,0.1925087108013937,0.0,True
baseline,left,64,29.86341348489749,13.600426978282233,0.35,16.1825707254234,2.3850231156121886,turn_left,rest,0.4107142857142857,0.14634146341463414,-0.26437282229965153,0.0,True
baseline,left,65,29.86341348489749,13.600426978282233,0.35,16.1825707254234,2.3850231156121886,walk_forward,rest,0.19642857142857142,0.2682926829268293,0.07186411149825786,0.0,True
baseline,left,66,29.86341348489749,13.600426978282233,0.35,16.1825707254234,2.3850231156121886,turn_right,rest,0.39285714285714285,0.5853658536585366,0.1925087108013937,0.0,True
baseline,left,67,29.86341348489749,13.600426978282233,0.35,16.1825707254234,2.3850231156121886,turn_left,rest,0.4107142857142857,0.14634146341463414,-0.26437282229965153,0.0,True
baseline,left,68,29.86341348489749,13.600426978282233,0.35,16.1825707254234,2.3850231156121886,walk_forward,rest,0.19642857142857142,0.2682926829268293,0.07186411149825786,0.0,True
baseline,left,69,29.86341348489749,13.600426978282233,0.35,16.1825707254234,2.3850231156121886,turn_right,rest,0.39285714285714285,0.5853658536585366,0.1925087108013937,0.0,True
baseline,left,70,29.86341348489749,13.600426978282233,0.35,16.1825707254234,2.3850231156121886,turn_left,rest,0.4107142857142857,0.14634146341463414,-0.26437282229965153,0.0,True
baseline,left,71,29.86341348489749,13.600426978282233,0.35,16.1825707254234,2.3850231156121886,walk_forward,rest,0.19642857142857142,0.2682926829268293,0.07186411149825786,0.0,True
baseline,left,72,29.86341348489749,13.600426978282233,0.35,16.1825707254234,2.3850231156121886,turn_right,rest,0.39285714285714285,0.5853658536585366,0.1925087108013937,0.0,True
baseline,left,73,29.86341348489749,13.600426978282233,0.35,16.1825707254234,2.3850231156121886,turn_left,rest,0.4107142857142857,0.14634146341463414,-0.26437282229965153,0.0,True
baseline,left,74,29.86341348489749,13.600426978282233,0.35,16.1825707254234,2.3850231156121886,walk_forward,rest,0.19642857142857142,0.2682926829268293,0.07186411149825786,0.0,True
baseline,left,75,29.86341348489749,13.600426978282233,0.35,16.1825707254234,2.3850231156121886,turn_right,rest,0.39285714285714285,0.5853658536585366,0.1925087108013937,0.0,True
baseline,left,76,29.86341348489749,13.600426978282233,0.35,16.1825707254234,2.3850231156121886,turn_left,rest,0.4107142857142857,0.14634146341463414,-0.26437282229965153,0.0,True
baseline,left,77,29.86341348489749,13.600426978282233,0.35,16.1825707254234,2.3850231156121886,walk_forward,rest,0.19642857142857142,0.2682926829268293,0.07186411149825786,0.0,True
baseline,left,78,29.86341348489749,13.600426978282233,0.35,16.1825707254234,2.3850231156121886,turn_right,rest,0.39285714285714285,0.5853658536585366,0.1925087108013937,0.0,True
baseline,left,79,29.86341348489749,13.600426978282233,0.35,16.1825707254234,2.3850231156121886,turn_left,rest,0.4107142857142857,0.14634146341463414,-0.26437282229965153,0.0,True
baseline,left,80,29.86341348489749,13.600426978282233,0.35,16.1825707254234,2.3850231156121886,walk_forward,rest,0.19642857142857142,0.2682926829268293,0.07186411149825786,0.0,True
baseline,left,81,29.86341348489749,13.600426978282233,0.35,16.1825707254234,2.3850231156121886,turn_right,rest,0.39285714285714285,0.5853658536585366,0.1925087108013937,0.0,True
baseline,left,82,29.86341348489749,13.600426978282233,0.35,16.1825707254234,2.3850231156121886,turn_left,rest,0.4107142857142857,0.14634146341463414,-0.26437282229965153,0.0,True
baseline,left,83,29.86341348489749,13.600426978282233,0.35,16.1825707254234,2.3850231156121886,walk_forward,rest,0.19642857142857142,0.2682926829268293,0.07186411149825786,0.0,True
baseline,left,84,29.86341348489749,13.600426978282233,0.35,16.1825707254234,2.3850231156121886,turn_right,rest,0.39285714285714285,0.5853658536585366,0.1925087108013937,0.0,True
baseline,left,85,29.86341348489749,13.600426978282233,0.35,16.1825707254234,2.3850231156121886,turn_left,rest,0.4107142857142857,0.14634146341463414,-0.26437282229965153,0.0,True
baseline,left,86,29.86341348489749,13.600426978282233,0.35,16.1825707254234,2.3850231156121886,walk_forward,rest,0.19642857142857142,0.2682926829268293,0.07186411149825786,0.0,True
baseline,left,87,29.86341348489749,13.600426978282233,0.35,16.1825707254234,2.3850231156121886,turn_right,rest,0.39285714285714285,0.5853658536585366,0.1925087108013937,0.0,True
baseline,left,88,29.86341348489749,13.600426978282233,0.35,16.1825707254234,2.3850231156121886,turn_left,rest,0.4107142857142857,0.14634146341463414,-0.26437282229965153,0.0,True
baseline,left,89,29.86341348489749,13.600426978282233,0.35,16.1825707254234,2.3850231156121886,walk_forward,rest,0.19642857142857142,0.2682926829268293,0.07186411149825786,0.0,True
baseline,left,90,29.86341348489749,13.600426978282233,0.35,16.1825707254234,2.3850231156121886,turn_right,rest,0.39285714285714285,0.5853658536585366,0.1925087108013937,0.0,True
baseline,left,91,29.86341348489749,13.600426978282233,0.35,16.1825707254234,2.3850231156121886,turn_left,rest,0.4107142857142857,0.14634146341463414,-0.26437282229965153,0.0,True
baseline,left,92,29.86341348489749,13.600426978282233,0.35,16.1825707254234,2.3850231156121886,walk_forward,rest,0.19642857142857142,0.2682926829268293,0.07186411149825786,0.0,True
baseline,left,93,29.86341348489749,13.600426978282233,0.35,16.1825707254234,2.3850231156121886,turn_right,rest,0.39285714285714285,0.5853658536585366,0.1925087108013937,0.0,True
baseline,left,94,29.86341348489749,13.600426978282233,0.35,16.1825707254234,2.3850231156121886,turn_left,rest,0.4107142857142857,0.14634146341463414,-0.26437282229965153,0.0,True
baseline,left,95,29.86341348489749,13.600426978282233,0.35,16.1825707254234,2.3850231156121886,walk_forward,rest,0.19642857142857142,0.2682926829268293,0.07186411149825786,0.0,True
baseline,left,96,29.86341348489749,13.600426978282233,0.35,16.1825707254234,2.3850231156121886,turn_right,rest,0.39285714285714285,0.5853658536585366,0.1925087108013937,0.0,True
baseline,left,97,29.86341348489749,13.600426978282233,0.35,16.1825707254234,2.3850231156121886,turn_left,rest,0.4107142857142857,0.14634146341463414,-0.26437282229965153,0.0,True
baseline,left,98,29.86341348489749,13.600426978282233,0.35,16.1825707254234,2.3850231156121886,walk_forward,rest,0.19642857142857142,0.2682926829268293,0.07186411149825786,0.0,True
baseline,left,99,29.86341348489749,13.600426978282233,0.35,16.1825707254234,2.3850231156121886,turn_right,rest,0.39285714285714285,0.5853658536585366,0.1925087108013937,0.0,True
baseline,right,0,15.46968635642369,9.828551096272275,-0.35,9.839767371510645,-1.2685479538457844,turn_right,turn_right,0.017857142857142856,0.17073170731707318,0.15287456445993033,0.0761904761904762,False
baseline,right,1,15.852107450065935,9.506442252653429,-0.7,9.544555066083085,-0.9601921609326853,turn_right,turn_right,0.25,0.5121951219512195,0.2621951219512195,0.34285714285714286,False
baseline,right,2,16.321793806489623,9.334993348925703,-0.35,9.428109019912819,-1.3614568329714944,turn_left,turn_left,0.32142857142857145,0.21951219512195122,-0.10191637630662023,0.29523809523809524,False
baseline,right,3,16.791480162913313,9.163544445197978,-0.35,9.337020294142592,-1.4138620022519959,walk_forward,walk_forward,0.2857142857142857,0.2682926829268293,-0.017421602787456414,0.2761904761904762,False
baseline,right,4,17.173901256555556,8.841435601579132,-0.7,9.104769638498537,-1.1118903008954426,turn_right,turn_right,0.39285714285714285,0.5121951219512195,0.11933797909407667,0.42857142857142855,False
baseline,right,5,17.643587612979246,8.669986697851407,-0.35,9.064062268564667,-1.516753917274075,turn_left,turn_left,0.32142857142857145,0.21951219512195122,-0.10191637630662023,0.29523809523809524,False
baseline,right,6,18.113273969402936,8.498537794123681,-0.35,9.050835290000062,-1.5719447998633904,walk_forward,walk_forward,0.2857142857142857,0.2682926829268293,-0.017421602787456414,0.2761904761904762,False
baseline,right,7,18.49569506304518,8.176428950504835,-0.7,8.892349203469916,-1.274810683029579,turn_right,turn_right,0.39285714285714285,0.5121951219512195,0.11933797909407667,0.42857142857142855,False
baseline,right,8,18.96538141946887,8.00498004677711,-0.35,8.933305958667743,-1.6807285116422164,turn_left,turn_left,0.32142857142857145,0.21951219512195122,-0.10191637630662023,0.29523809523809524,False
baseline,right,9,19.43506777589256,7.833531143049385,-0.35,9.001890709505707,-1.735965194575317,walk_forward,walk_forward,0.2857142857142857,0.2682926829268293,-0.017421602787456414,0.2761904761904762,False
baseline,right,10,19.817488869534802,7.511422299430539,-0.7,8.923545481952456,-1.4410702507394222,turn_right,turn_right,0.39285714285714285,0.5121951219512195,0.11933797909407667,0.42857142857142855,False
baseline,right,11,20.287175225958492,7.339973395702813,-0.35,9.045962155548425,-1.8450341852762673,turn_left,turn_left,0.32142857142857145,0.21951219512195122,-0.10191637630662023,0.29523809523809524,False
baseline,right,12,20.756861582382182,7.168524491975088,-0.35,9.193976216564549,-1.8974093547408843,walk_forward,walk_forward,0.2857142857142857,0.2682926829268293,-0.017421602787456414,0.2761904761904762,False
baseline,right,13,21.139282676024425,6.846415648356242,-0.7,9.195879458006768,-1.601793468611642,turn_right,turn_right,0.39285714285714285,0.5121951219512195,0.11933797909407667,0.42857142857142855,False
baseline,right,14,21.608969032448115,6.674966744628517,-0.35,9.39327699547686,-2.0012262962563807,turn_left,turn_left,0.32142857142857145,0.21951219512195122,-0.10191637630662023,0.29523809523809524,False
baseline,right,15,22.078655388871805,6.503517840900791,-0.35,9.612653453720192,-2.048514238849754,walk_forward,walk_forward,0.2857142857142857,0.2682926829268293,-0.017421602787456414,0.2761904761904762,False
baseline,right,16,22.46107648251405,6.181408997281945,-0.7,9.689039140678625,-1.7497210060483523,turn_right,turn_right,0.39285714285714285,0.5121951219512195,0.11933797909407667,0.42857142857142855,False
baseline,right,17,22.93076283893774,6.00996009355422,-0.35,9.950709499005084,-2.1431159623247726,turn_left,turn_left,0.32142857142857145,0.21951219512195122,-0.10191637630662023,0.29523809523809524,False
baseline,right,18,23.40044919536143,5.8385111898264945,-0.35,10.230139764322756,-2.184214308980657,walk_forward,walk_forward,0.2857142857142857,0.2682926829268293,-0.017421602787456414,0.2761904761904762,False
baseline,right,19,23.78287028900367,5.516402346207649,-0.7,10.371571981079276,-1.8807769038137263,turn_right,turn_right,0.39285714285714285,0.5121951219512195,0.11933797909407667,0.42857142857142855,False
baseline,right,20,24.25255664542736,5.344953442479923,-0.35,10.685426139332021,-2.2677517593796055,turn_left,turn_left,0.32142857142857145,0.1951219512195122,-0.12630662020905925,0.2857142857142857,False
baseline,right,21,24.72224300185105,5.173504538752198,-0.35,11.013044910447398,-2.302572055822729,walk_forward,walk_forward,0.2857142857142857,0.2926829268292683,0.006968641114982577,0.2857142857142857,False
baseline,right,22,25.104664095493295,4.851395695133352,-0.7,11.20893735701604,-1.9939796278244344,turn_right,turn_right,0.39285714285714285,0.5121951219512195,0.11933797909407667,0.42857142857142855,False
baseline,right,23,25.574350451916985,4.6799467914056265,-0.35,11.563684077764524,-2.3749302012081865,turn_left,turn_left,0.32142857142857145,0.1951219512195122,-0.12630662020905925,0.2857142857142857,False
baseline,right,24,26.044036808340675,4.508497887677901,-0.35,11.928843289572539,-2.4040123631567742,walk_forward,walk_forward,0.2857142857142857,0.2926829268292683,0.006968641114982577,0.2857142857142857,False
baseline,right,25,26.426457901982918,4.186389044059055,-0.7,12.169214987582624,-2.090403400609505,turn_right,turn_right,0.39285714285714285,0.5121951219512195,0.11933797909407667,0.42857142857142855,False
baseline,right,26,26.896144258406608,4.01494014033133,-0.35,12.555396949012176,-2.4660974433431706,turn_left,turn_left,0.32142857142857145,0.1951219512195122,-0.12630662020905925,0.2857142857142857,False
baseline,right,27,27.365830614830298,3.843491236603604,-0.35,12.949370319846558,-2.4902431972069596,walk_forward,walk_forward,0.2857142857142857,0.2926829268292683,0.006968641114982577,0.2857142857142857,False
baseline,right,28,27.74825170847254,3.5213823929847585,-0.7,13.22565898472345,-2.1720881773601786,turn_right,turn_right,0.39285714285714285,0.5121951219512195,0.11933797909407667,0.42857142857142855,False
baseline,right,29,28.21793806489623,3.3499334892570327,-0.35,13.635832980418854,-2.5433804471050108,turn_left,turn_left,0.32142857142857145,0.1951219512195122,-0.12630662020905925,0.2857142857142857,False
baseline,right,30,28.68762442131992,3.178484585529307,-0.35,14.051826449240004,-2.563420679653091,walk_forward,walk_forward,0.2857142857142857,0.2926829268292683,0.006968641114982577,0.2857142857142857,False
baseline,right,31,29.070045514962164,2.8563757419104614,-0.7,14.357056215397412,-2.2413034667478033,turn_right,turn_right,0.39285714285714285,0.5121951219512195,0.11933797909407667,0.42857142857142855,False
baseline,right,32,29.539731871385854,2.6849268381827356,-0.35,14.78555494454596,-2.6089883290070315,turn_left,turn_left,0.32142857142857145,0.1951219512195122,-0.12630662020905925,0.2857142857142857,False
baseline,right,33,29.539731871385854,2.6849268381827356,-0.35,14.78555494454596,-2.6089883290070315,walk_forward,rest,0.2857142857142857,0.2926829268292683,0.006968641114982577,0.0,True
baseline,right,34,29.922152965028097,2.36281799456389,-0.7,15.108062681466865,-2.28455347825858,turn_right,turn_right,0.39285714285714285,0.5121951219512195,0.11933797909407667,0.42857142857142855,False
baseline,right,35,29.922152965028097,2.36281799456389,-0.7,15.108062681466865,-2.28455347825858,turn_left,rest,0.32142857142857145,0.1951219512195122,-0.12630662020905925,0.0,True
baseline,right,36,29.922152965028097,2.36281799456389,-0.7,15.108062681466865,-2.28455347825858,walk_forward,rest,0.2857142857142857,0.2926829268292683,0.006968641114982577,0.0,True
baseline,right,37,29.922152965028097,2.36281799456389,-0.7,15.108062681466865,-2.28455347825858,turn_right,rest,0.39285714285714285,0.5121951219512195,0.11933797909407667,0.0,True
baseline,right,38,29.922152965028097,2.36281799456389,-0.7,15.108062681466865,-2.28455347825858,turn_left,rest,0.32142857142857145,0.1951219512195122,-0.12630662020905925,0.0,True
baseline,right,39,29.922152965028097,2.36281799456389,-0.7,15.108062681466865,-2.28455347825858,walk_forward,rest,0.2857142857142857,0.2926829268292683,0.006968641114982577,0.0,True
baseline,right,40,29.922152965028097,2.36281799456389,-0.7,15.108062681466865,-2.28455347825858,turn_right,rest,0.39285714285714285,0.5121951219512195,0.11933797909407667,0.0,True
baseline,right,41,29.922152965028097,2.36281799456389,-0.7,15.108062681466865,-2.28455347825858,turn_left,rest,0.32142857142857145,0.1951219512195122,-0.12630662020905925,0.0,True
baseline,right,42,29.922152965028097,2.36281799456389,-0.7,15.108062681466865,-2.28455347825858,walk_forward,rest,0.2857142857142857,0.2926829268292683,0.006968641114982577,0.0,True
baseline,right,43,29.922152965028097,2.36281799456389,-0.7,15.108062681466865,-2.28455347825858,turn_right,rest,0.39285714285714285,0.5121951219512195,0.11933797909407667,0.0,True
baseline,right,44,29.922152965028097,2.36281799456389,-0.7,15.108062681466865,-2.28455347825858,turn_left,rest,0.32142857142857145,0.1951219512195122,-0.12630662020905925,0.0,True
baseline,right,45,29.922152965028097,2.36281799456389,-0.7,15.108062681466865,-2.28455347825858,walk_forward,rest,0.2857142857142857,0.2926829268292683,0.006968641114982577,0.0,True
baseline,right,46,29.922152965028097,2.36281799456389,-0.7,15.108062681466865,-2.28455347825858,turn_right,rest,0.39285714285714285,0.5121951219512195,0.11933797909407667,0.0,True
baseline,right,47,29.922152965028097,2.36281799456389,-0.7,15.108062681466865,-2.28455347825858,turn_left,rest,0.32142857142857145,0.1951219512195122,-0.12630662020905925,0.0,True
baseline,right,48,29.922152965028097,2.36281799456389,-0.7,15.108062681466865,-2.28455347825858,walk_forward,rest,0.2857142857142857,0.2926829268292683,0.006968641114982577,0.0,True
baseline,right,49,29.922152965028097,2.36281799456389,-0.7,15.108062681466865,-2.28455347825858,turn_right,rest,0.39285714285714285,0.5121951219512195,0.11933797909407667,0.0,True
baseline,right,50,29.922152965028097,2.36281799456389,-0.7,15.108062681466865,-2.28455347825858,turn_left,rest,0.32142857142857145,0.1951219512195122,-0.12630662020905925,0.0,True
baseline,right,51,29.922152965028097,2.36281799456389,-0.7,15.108062681466865,-2.28455347825858,walk_forward,rest,0.2857142857142857,0.2926829268292683,0.006968641114982577,0.0,True
baseline,right,52,29.922152965028097,2.36281799456389,-0.7,15.108062681466865,-2.28455347825858,turn_right,rest,0.39285714285714285,0.5121951219512195,0.11933797909407667,0.0,True
baseline,right,53,29.922152965028097,2.36281799456389,-0.7,15.108062681466865,-2.28455347825858,turn_left,rest,0.32142857142857145,0.1951219512195122,-0.12630662020905925,0.0,True
baseline,right,54,29.922152965028097,2.36281799456389,-0.7,15.108062681466865,-2.28455347825858,walk_forward,rest,0.2857142857142857,0.2926829268292683,0.006968641114982577,0.0,True
baseline,right,55,29.922152965028097,2.36281799456389,-0.7,15.108062681466865,-2.28455347825858,turn_right,rest,0.39285714285714285,0.5121951219512195,0.11933797909407667,0.0,True
baseline,right,56,29.922152965028097,2.36281799456389,-0.7,15.108062681466865,-2.28455347825858,turn_left,rest,0.32142857142857145,0.1951219512195122,-0.12630662020905925,0.0,True
baseline,right,57,29.922152965028097,2.36281799456389,-0.7,15.108062681466865,-2.28455347825858,walk_forward,rest,0.2857142857142857,0.2926829268292683,0.006968641114982577,0.0,True
baseline,right,58,29.922152965028097,2.36281799456389,-0.7,15.108062681466865,-2.28455347825858,turn_right,rest,0.39285714285714285,0.5121951219512195,0.11933797909407667,0.0,True
baseline,right,59,29.922152965028097,2.36281799456389,-0.7,15.108062681466865,-2.28455347825858,turn_left,rest,0.32142857142857145,0.1951219512195122,-0.12630662020905925,0.0,True
baseline,right,60,29.922152965028097,2.36281799456389,-0.7,15.108062681466865,-2.28455347825858,walk_forward,rest,0.2857142857142857,0.2926829268292683,0.006968641114982577,0.0,True
baseline,right,61,29.922152965028097,2.36281799456389,-0.7,15.108062681466865,-2.28455347825858,turn_right,rest,0.39285714285714285,0.5121951219512195,0.11933797909407667,0.0,True
baseline,right,62,29.922152965028097,2.36281799456389,-0.7,15.108062681466865,-2.28455347825858,turn_left,rest,0.32142857142857145,0.1951219512195122,-0.12630662020905925,0.0,True
baseline,right,63,29.922152965028097,2.36281799456389,-0.7,15.108062681466865,-2.28455347825858,walk_forward,rest,0.2857142857142857,0.2926829268292683,0.006968641114982577,0.0,True
baseline,right,64,29.922152965028097,2.36281799456389,-0.7,15.108062681466865,-2.28455347825858,turn_right,rest,0.39285714285714285,0.5121951219512195,0.11933797909407667,0.0,True
baseline,right,65,29.922152965028097,2.36281799456389,-0.7,15.108062681466865,-2.28455347825858,turn_left,rest,0.32142857142857145,0.1951219512195122,-0.12630662020905925,0.0,True
baseline,right,66,29.922152965028097,2.36281799456389,-0.7,15.108062681466865,-2.28455347825858,walk_forward,rest,0.2857142857142857,0.2926829268292683,0.006968641114982577,0.0,True
baseline,right,67,29.922152965028097,2.36281799456389,-0.7,15.108062681466865,-2.28455347825858,turn_right,rest,0.39285714285714285,0.5121951219512195,0.11933797909407667,0.0,True
baseline,right,68,29.922152965028097,2.36281799456389,-0.7,15.108062681466865,-2.28455347825858,turn_left,rest,0.32142857142857145,0.1951219512195122,-0.12630662020905925,0.0,True
baseline,right,69,29.922152965028097,2.36281799456389,-0.7,15.108062681466865,-2.28455347825858,walk_forward,rest,0.2857142857142857,0.2926829268292683,0.006968641114982577,0.0,True
baseline,right,70,29.922152965028097,2.36281799456389,-0.7,15.108062681466865,-2.28455347825858,turn_right,rest,0.39285714285714285,0.5121951219512195,0.11933797909407667,0.0,True
baseline,right,71,29.922152965028097,2.36281799456389,-0.7,15.108062681466865,-2.28455347825858,turn_left,rest,0.32142857142857145,0.1951219512195122,-0.12630662020905925,0.0,True
baseline,right,72,29.922152965028097,2.36281799456389,-0.7,15.108062681466865,-2.28455347825858,walk_forward,rest,0.2857142857142857,0.2926829268292683,0.006968641114982577,0.0,True
baseline,right,73,29.922152965028097,2.36281799456389,-0.7,15.108062681466865,-2.28455347825858,turn_right,rest,0.39285714285714285,0.5121951219512195,0.11933797909407667,0.0,True
baseline,right,74,29.922152965028097,2.36281799456389,-0.7,15.108062681466865,-2.28455347825858,turn_left,rest,0.32142857142857145,0.1951219512195122,-0.12630662020905925,0.0,True
baseline,right,75,29.922152965028097,2.36281799456389,-0.7,15.108062681466865,-2.28455347825858,walk_forward,rest,0.2857142857142857,0.2926829268292683,0.006968641114982577,0.0,True
baseline,right,76,29.922152965028097,2.36281799456389,-0.7,15.108062681466865,-2.28455347825858,turn_right,rest,0.39285714285714285,0.5121951219512195,0.11933797909407667,0.0,True
baseline,right,77,29.922152965028097,2.36281799456389,-0.7,15.108062681466865,-2.28455347825858,turn_left,rest,0.32142857142857145,0.1951219512195122,-0.12630662020905925,0.0,True
baseline,right,78,29.922152965028097,2.36281799456389,-0.7,15.108062681466865,-2.28455347825858,walk_forward,rest,0.2857142857142857,0.2926829268292683,0.006968641114982577,0.0,True
baseline,right,79,29.922152965028097,2.36281799456389,-0.7,15.108062681466865,-2.28455347825858,turn_right,rest,0.39285714285714285,0.5121951219512195,0.11933797909407667,0.0,True
baseline,right,80,29.922152965028097,2.36281799456389,-0.7,15.108062681466865,-2.28455347825858,turn_left,rest,0.32142857142857145,0.1951219512195122,-0.12630662020905925,0.0,True
baseline,right,81,29.922152965028097,2.36281799456389,-0.7,15.108062681466865,-2.28455347825858,walk_forward,rest,0.2857142857142857,0.2926829268292683,0.006968641114982577,0.0,True
baseline,right,82,29.922152965028097,2.36281799456389,-0.7,15.108062681466865,-2.28455347825858,turn_right,rest,0.39285714285714285,0.5121951219512195,0.11933797909407667,0.0,True
baseline,right,83,29.922152965028097,2.36281799456389,-0.7,15.108062681466865,-2.28455347825858,turn_left,rest,0.32142857142857145,0.1951219512195122,-0.12630662020905925,0.0,True
baseline,right,84,29.922152965028097,2.36281799456389,-0.7,15.108062681466865,-2.28455347825858,walk_forward,rest,0.2857142857142857,0.2926829268292683,0.006968641114982577,0.0,True
baseline,right,85,29.922152965028097,2.36281799456389,-0.7,15.108062681466865,-2.28455347825858,turn_right,rest,0.39285714285714285,0.5121951219512195,0.11933797909407667,0.0,True
baseline,right,86,29.922152965028097,2.36281799456389,-0.7,15.108062681466865,-2.28455347825858,turn_left,rest,0.32142857142857145,0.1951219512195122,-0.12630662020905925,0.0,True
baseline,right,87,29.922152965028097,2.36281799456389,-0.7,15.108062681466865,-2.28455347825858,walk_forward,rest,0.2857142857142857,0.2926829268292683,0.006968641114982577,0.0,True
baseline,right,88,29.922152965028097,2.36281799456389,-0.7,15.108062681466865,-2.28455347825858,turn_right,rest,0.39285714285714285,0.5121951219512195,0.11933797909407667,0.0,True
baseline,right,89,29.922152965028097,2.36281799456389,-0.7,15.108062681466865,-2.28455347825858,turn_left,rest,0.32142857142857145,0.1951219512195122,-0.12630662020905925,0.0,True
baseline,right,90,29.922152965028097,2.36281799456389,-0.7,15.108062681466865,-2.28455347825858,walk_forward,rest,0.2857142857142857,0.2926829268292683,0.006968641114982577,0.0,True
baseline,right,91,29.922152965028097,2.36281799456389,-0.7,15.108062681466865,-2.28455347825858,turn_right,rest,0.39285714285714285,0.5121951219512195,0.11933797909407667,0.0,True
baseline,right,92,29.922152965028097,2.36281799456389,-0.7,15.108062681466865,-2.28455347825858,turn_left,rest,0.32142857142857145,0.1951219512195122,-0.12630662020905925,0.0,True
baseline,right,93,29.922152965028097,2.36281799456389,-0.7,15.108062681466865,-2.28455347825858,walk_forward,rest,0.2857142857142857,0.2926829268292683,0.006968641114982577,0.0,True
baseline,right,94,29.922152965028097,2.36281799456389,-0.7,15.108062681466865,-2.28455347825858,turn_right,rest,0.39285714285714285,0.5121951219512195,0.11933797909407667,0.0,True
baseline,right,95,29.922152965028097,2.36281799456389,-0.7,15.108062681466865,-2.28455347825858,turn_left,rest,0.32142857142857145,0.1951219512195122,-0.12630662020905925,0.0,True
baseline,right,96,29.922152965028097,2.36281799456389,-0.7,15.108062681466865,-2.28455347825858,walk_forward,rest,0.2857142857142857,0.2926829268292683,0.006968641114982577,0.0,True
baseline,right,97,29.922152965028097,2.36281799456389,-0.7,15.108062681466865,-2.28455347825858,turn_right,rest,0.39285714285714285,0.5121951219512195,0.11933797909407667,0.0,True
baseline,right,98,29.922152965028097,2.36281799456389,-0.7,15.108062681466865,-2.28455347825858,turn_left,rest,0.32142857142857145,0.1951219512195122,-0.12630662020905925,0.0,True
baseline,right,99,29.922152965028097,2.36281799456389,-0.7,15.108062681466865,-2.28455347825858,walk_forward,rest,0.2857142857142857,0.2926829268292683,0.006968641114982577,0.0,True
baseline,front,0,15.46968635642369,9.828551096272275,-0.35,9.531855688769433,0.36798790870129444,turn_right,turn_right,0.03571428571428571,0.17073170731707318,0.13501742160278746,0.09523809523809523,False
baseline,front,1,15.93937271284738,9.65710219254455,-0.35,9.067113418450901,0.3878267678648478,walk_forward,walk_forward,0.5714285714285714,0.5609756097560976,-0.010452961672473782,0.5428571428571428,False
baseline,front,2,16.40905906927107,9.485653288816824,-0.35,8.606324338216554,0.40979944134550916,walk_forward,walk_forward,0.2857142857142857,0.21951219512195122,-0.06620209059233448,0.2857142857142857,False
baseline,front,3,16.87874542569476,9.314204385089099,-0.35,8.1501589853269,0.4342446741361363,walk_forward,walk_forward,0.14285714285714285,0.21951219512195122,0.07665505226480837,0.17142857142857143,False
baseline,front,4,17.34843178211845,9.142755481361373,-0.35,7.699439223581872,0.4615698888783971,walk_forward,walk_forward,0.5714285714285714,0.5609756097560976,-0.010452961672473782,0.5428571428571428,False
baseline,front,5,17.81811813854214,8.971306577633648,-0.35,7.25518002734303,0.4922668675477,walk_forward,walk_forward,0.2857142857142857,0.21951219512195122,-0.06620209059233448,0.2857142857142857,False
baseline,front,6,18.28780449496583,8.799857673905922,-0.35,6.818644300789082,0.5269306108398268,walk_forward,walk_forward,0.14285714285714285,0.21951219512195122,0.07665505226480837,0.17142857142857143,False
baseline,front,7,18.75749085138952,8.628408770178197,-0.35,6.391414786431063,0.5662812473530575,walk_forward,walk_forward,0.5714285714285714,0.5609756097560976,-0.010452961672473782,0.5428571428571428,False
baseline,front,8,19.22717720781321,8.456959866450472,-0.35,5.975487916792723,0.6111878616940902,walk_forward,walk_forward,0.2857142857142857,0.21951219512195122,-0.06620209059233448,0.2857142857142857,False
baseline,front,9,19.6968635642369,8.285510962722746,-0.35,5.573394720927457,0.6626909835539504,walk_forward,walk_forward,0.14285714285714285,0.21951219512195122,0.07665505226480837,0.17142857142857143,False
baseline,front,10,20.16654992066059,8.114062058995021,-0.35,5.188352492534432,0.7220163208450232,walk_forward,walk_forward,0.5714285714285714,0.5609756097560976,-0.010452961672473782,0.5428571428571428,False
baseline,front,11,20.63623627708428,7.942613155267296,-0.35,4.824445507860407,0.7905648284318068,walk_forward,walk_forward,0.2857142857142857,0.21951219512195122,-0.06620209059233448,0.2857142857142857,False
baseline,front,12,21.10592263350797,7.77116425153957,-0.35,4.486819288743494,0.8698521697150441,walk_forward,walk_forward,0.14285714285714285,0.21951219512195122,0.07665505226480837,0.17142857142857143,False
baseline,front,13,21.57560898993166,7.599715347811845,-0.35,4.1818441149051555,0.9613549952318649,walk_forward,walk_forward,0.5714285714285714,0.5609756097560976,-0.010452961672473782,0.5428571428571428,False
baseline,front,14,22.04529534635535,7.4282664440841195,-0.35,3.9171536953371,1.0662107759029116,walk_forward,walk_forward,0.2857142857142857,0.21951219512195122,-0.06620209059233448,0.2857142857142857,False
baseline,front,15,22.51498170277904,7.256817540356394,-0.35,3.701400538231347,1.1847372483919691,walk_forward,walk_forward,0.14285714285714285,0.21951219512195122,0.07665505226480837,0.17142857142857143,False
baseline,front,16,22.98466805920273,7.085368636628669,-0.35,3.5435347911295465,1.315829355122828,walk_forward,walk_forward,0.5714285714285714,0.5609756097560976,-0.010452961672473782,0.5428571428571428,False
baseline,front,17,23.45435441562642,6.913919732900943,-0.35,3.4515086103719534,1.4564735387631296,walk_forward,walk_forward,0.2857142857142857,0.21951219512195122,-0.06620209059233448,0.2857142857142857,False
baseline,front,18,23.92404077205011,6.742470829173218,-0.35,3.430624514428524,1.6017789876251163,walk_forward,walk_forward,0.14285714285714285,0.21951219512195122,0.07665505226480837,0.17142857142857143,False
baseline,front,19,24.3937271284738,6.571021925445493,-0.35,3.482162751871911,1.745796326794899,walk_forward,walk_forward,0.5714285714285714,0.5609756097560976,-0.010452961672473782,0.5428571428571428,False
baseline,front,20,24.86341348489749,6.399573021717767,-0.35,3.6030168334397743,1.8828783105758067,walk_forward,walk_forward,0.2857142857142857,0.21951219512195122,-0.06620209059233448,0.2857142857142857,False
baseline,front,21,25.33309984132118,6.228124117990042,-0.35,3.7865555817360708,2.008879270781872,walk_forward,walk_forward,0.14285714285714285,0.21951219512195122,0.07665505226480837,0.17142857142857143,False
baseline,front,22,25.80278619774487,6.056675214262317,-0.35,4.0242112326644595,2.1216328200776444,walk_forward,walk_forward,0.5714285714285714,0.5609756097560976,-0.010452961672473782,0.5428571428571428,False
baseline,front,23,26.27247255416856,5.885226310534591,-0.35,4.3070348172065,2.22071290312106,walk_forward,walk_forward,0.2857142857142857,0.21951219512195122,-0.06620209059233448,0.2857142857142857,False
baseline,front,24,26.74215891059225,5.713777406806866,-0.35,4.626750672789193,2.306855405197828,walk_forward,walk_forward,0.14285714285714285,0.21951219512195122,0.07665505226480837,0.17142857142857143,False
baseline,front,25,27.21184526701594,5.5423285030791405,-0.35,4.976253074320223,2.3813900774034273,walk_forward,walk_forward,0.5714285714285714,0.5609756097560976,-0.010452961672473782,0.5428571428571428,False
baseline,front,26,27.68153162343963,5.370879599351415,-0.35,5.349707237897013,2.445837108274303,walk_forward,walk_forward,0.2857142857142857,0.21951219512195122,-0.06620209059233448,0.2857142857142857,False
baseline,front,27,28.15121797986332,5.19943069562369,-0.35,5.742442024325009,2.501675613603465,walk_forward,walk_forward,0.14285714285714285,0.21951219512195122,0.07665505226480837,0.17142857142857143,False
baseline,front,28,28.62090433628701,5.027981791895964,-0.35,6.150765259238896,2.5502357209114606,walk_forward,walk_forward,0.5714285714285714,0.5609756097560976,-0.010452961672473782,0.5428571428571428,False
baseline,front,29,29.0905906927107,4.856532888168239,-0.35,6.571771918271841,2.5926638013896137,walk_forward,walk_forward,0.2857142857142857,0.21951219512195122,-0.06620209059233448,0.2857142857142857,False
baseline,front,30,29.56027704913439,4.685083984440514,-0.35,7.003174924083545,2.6299250802667236,walk_forward,walk_forward,0.14285714285714285,0.21951219512195122,0.07665505226480837,0.17142857142857143,False
baseline,front,31,29.56027704913439,4.685083984440514,-0.35,7.003174924083545,2.6299250802667236,walk_forward,rest,0.5714285714285714,0.5609756097560976,-0.010452961672473782,0.0,True
baseline,front,32,29.56027704913439,4.685083984440514,-0.35,7.003174924083545,2.6299250802667236,walk_forward,rest,0.2857142857142857,0.21951219512195122,-0.06620209059233448,0.0,True
baseline,front,33,29.56027704913439,4.685083984440514,-0.35,7.003174924083545,2.6299250802667236,walk_forward,rest,0.14285714285714285,0.21951219512195122,0.07665505226480837,0.0,True
baseline,front,34,29.56027704913439,4.685083984440514,-0.35,7.003174924083545,2.6299250802667236,walk_forward,rest,0.5714285714285714,0.5609756097560976,-0.010452961672473782,0.0,True
baseline,front,35,29.56027704913439,4.685083984440514,-0.35,7.003174924083545,2.6299250802667236,walk_forward,rest,0.2857142857142857,0.21951219512195122,-0.06620209059233448,0.0,True
baseline,front,36,29.56027704913439,4.685083984440514,-0.35,7.003174924083545,2.6299250802667236,walk_forward,rest,0.14285714285714285,0.21951219512195122,0.07665505226480837,0.0,True
baseline,front,37,29.56027704913439,4.685083984440514,-0.35,7.003174924083545,2.6299250802667236,walk_forward,rest,0.5714285714285714,0.5609756097560976,-0.010452961672473782,0.0,True
baseline,front,38,29.56027704913439,4.685083984440514,-0.35,7.003174924083545,2.6299250802667236,walk_forward,rest,0.2857142857142857,0.21951219512195122,-0.06620209059233448,0.0,True
baseline,front,39,29.56027704913439,4.685083984440514,-0.35,7.003174924083545,2.6299250802667236,walk_forward,rest,0.14285714285714285,0.21951219512195122,0.07665505226480837,0.0,True
baseline,front,40,29.56027704913439,4.685083984440514,-0.35,7.003174924083545,2.6299250802667236,walk_forward,rest,0.5714285714285714,0.5609756097560976,-0.010452961672473782,0.0,True
baseline,front,41,29.56027704913439,4.685083984440514,-0.35,7.003174924083545,2.6299250802667236,walk_forward,rest,0.2857142857142857,0.21951219512195122,-0.06620209059233448,0.0,True
baseline,front,42,29.56027704913439,4.685083984440514,-0.35,7.003174924083545,2.6299250802667236,walk_forward,rest,0.14285714285714285,0.21951219512195122,0.07665505226480837,0.0,True
baseline,front,43,29.56027704913439,4.685083984440514,-0.35,7.003174924083545,2.6299250802667236,walk_forward,rest,0.5714285714285714,0.5609756097560976,-0.010452961672473782,0.0,True
baseline,front,44,29.56027704913439,4.685083984440514,-0.35,7.003174924083545,2.6299250802667236,walk_forward,rest,0.2857142857142857,0.21951219512195122,-0.06620209059233448,0.0,True
baseline,front,45,29.56027704913439,4.685083984440514,-0.35,7.003174924083545,2.6299250802667236,walk_forward,rest,0.14285714285714285,0.21951219512195122,0.07665505226480837,0.0,True
baseline,front,46,29.56027704913439,4.685083984440514,-0.35,7.003174924083545,2.6299250802667236,walk_forward,rest,0.5714285714285714,0.5609756097560976,-0.010452961672473782,0.0,True
baseline,front,47,29.56027704913439,4.685083984440514,-0.35,7.003174924083545,2.6299250802667236,walk_forward,rest,0.2857142857142857,0.21951219512195122,-0.06620209059233448,0.0,True
baseline,front,48,29.56027704913439,4.685083984440514,-0.35,7.003174924083545,2.6299250802667236,walk_forward,rest,0.14285714285714285,0.21951219512195122,0.07665505226480837,0.0,True
baseline,front,49,29.56027704913439,4.685083984440514,-0.35,7.003174924083545,2.6299250802667236,walk_forward,rest,0.5714285714285714,0.5609756097560976,-0.010452961672473782,0.0,True
baseline,front,50,29.56027704913439,4.685083984440514,-0.35,7.003174924083545,2.6299250802667236,walk_forward,rest,0.2857142857142857,0.21951219512195122,-0.06620209059233448,0.0,True
baseline,front,51,29.56027704913439,4.685083984440514,-0.35,7.003174924083545,2.6299250802667236,walk_forward,rest,0.14285714285714285,0.21951219512195122,0.07665505226480837,0.0,True
baseline,front,52,29.56027704913439,4.685083984440514,-0.35,7.003174924083545,2.6299250802667236,walk_forward,rest,0.5714285714285714,0.5609756097560976,-0.010452961672473782,0.0,True
baseline,front,53,29.56027704913439,4.685083984440514,-0.35,7.003174924083545,2.6299250802667236,walk_forward,rest,0.2857142857142857,0.21951219512195122,-0.06620209059233448,0.0,True
baseline,front,54,29.56027704913439,4.685083984440514,-0.35,7.003174924083545,2.6299250802667236,walk_forward,rest,0.14285714285714285,0.21951219512195122,0.07665505226480837,0.0,True
baseline,front,55,29.56027704913439,4.685083984440514,-0.35,7.003174924083545,2.6299250802667236,walk_forward,rest,0.5714285714285714,0.5609756097560976,-0.010452961672473782,0.0,True
baseline,front,56,29.56027704913439,4.685083984440514,-0.35,7.003174924083545,2.6299250802667236,walk_forward,rest,0.2857142857142857,0.21951219512195122,-0.06620209059233448,0.0,True
baseline,front,57,29.56027704913439,4.685083984440514,-0.35,7.003174924083545,2.6299250802667236,walk_forward,rest,0.14285714285714285,0.21951219512195122,0.07665505226480837,0.0,True
baseline,front,58,29.56027704913439,4.685083984440514,-0.35,7.003174924083545,2.6299250802667236,walk_forward,rest,0.5714285714285714,0.5609756097560976,-0.010452961672473782,0.0,True
baseline,front,59,29.56027704913439,4.685083984440514,-0.35,7.003174924083545,2.6299250802667236,walk_forward,rest,0.2857142857142857,0.21951219512195122,-0.06620209059233448,0.0,True
baseline,front,60,29.56027704913439,4.685083984440514,-0.35,7.003174924083545,2.6299250802667236,walk_forward,rest,0.14285714285714285,0.21951219512195122,0.07665505226480837,0.0,True
baseline,front,61,29.56027704913439,4.685083984440514,-0.35,7.003174924083545,2.6299250802667236,walk_forward,rest,0.5714285714285714,0.5609756097560976,-0.010452961672473782,0.0,True
baseline,front,62,29.56027704913439,4.685083984440514,-0.35,7.003174924083545,2.6299250802667236,walk_forward,rest,0.2857142857142857,0.21951219512195122,-0.06620209059233448,0.0,True
baseline,front,63,29.56027704913439,4.685083984440514,-0.35,7.003174924083545,2.6299250802667236,walk_forward,rest,0.14285714285714285,0.21951219512195122,0.07665505226480837,0.0,True
baseline,front,64,29.56027704913439,4.685083984440514,-0.35,7.003174924083545,2.6299250802667236,walk_forward,rest,0.5714285714285714,0.5609756097560976,-0.010452961672473782,0.0,True
baseline,front,65,29.56027704913439,4.685083984440514,-0.35,7.003174924083545,2.6299250802667236,walk_forward,rest,0.2857142857142857,0.21951219512195122,-0.06620209059233448,0.0,True
baseline,front,66,29.56027704913439,4.685083984440514,-0.35,7.003174924083545,2.6299250802667236,walk_forward,rest,0.14285714285714285,0.21951219512195122,0.07665505226480837,0.0,True
baseline,front,67,29.56027704913439,4.685083984440514,-0.35,7.003174924083545,2.6299250802667236,walk_forward,rest,0.5714285714285714,0.5609756097560976,-0.010452961672473782,0.0,True
baseline,front,68,29.56027704913439,4.685083984440514,-0.35,7.003174924083545,2.6299250802667236,walk_forward,rest,0.2857142857142857,0.21951219512195122,-0.06620209059233448,0.0,True
baseline,front,69,29.56027704913439,4.685083984440514,-0.35,7.003174924083545,2.6299250802667236,walk_forward,rest,0.14285714285714285,0.21951219512195122,0.07665505226480837,0.0,True
baseline,front,70,29.56027704913439,4.685083984440514,-0.35,7.003174924083545,2.6299250802667236,walk_forward,rest,0.5714285714285714,0.5609756097560976,-0.010452961672473782,0.0,True
baseline,front,71,29.56027704913439,4.685083984440514,-0.35,7.003174924083545,2.6299250802667236,walk_forward,rest,0.2857142857142857,0.21951219512195122,-0.06620209059233448,0.0,True
baseline,front,72,29.56027704913439,4.685083984440514,-0.35,7.003174924083545,2.6299250802667236,walk_forward,rest,0.14285714285714285,0.21951219512195122,0.07665505226480837,0.0,True
baseline,front,73,29.56027704913439,4.685083984440514,-0.35,7.003174924083545,2.6299250802667236,walk_forward,rest,0.5714285714285714,0.5609756097560976,-0.010452961672473782,0.0,True
baseline,front,74,29.56027704913439,4.685083984440514,-0.35,7.003174924083545,2.6299250802667236,walk_forward,rest,0.2857142857142857,0.21951219512195122,-0.06620209059233448,0.0,True
baseline,front,75,29.56027704913439,4.685083984440514,-0.35,7.003174924083545,2.6299250802667236,walk_forward,rest,0.14285714285714285,0.21951219512195122,0.07665505226480837,0.0,True
baseline,front,76,29.56027704913439,4.685083984440514,-0.35,7.003174924083545,2.6299250802667236,walk_forward,rest,0.5714285714285714,0.5609756097560976,-0.010452961672473782,0.0,True
baseline,front,77,29.56027704913439,4.685083984440514,-0.35,7.003174924083545,2.6299250802667236,walk_forward,rest,0.2857142857142857,0.21951219512195122,-0.06620209059233448,0.0,True
baseline,front,78,29.56027704913439,4.685083984440514,-0.35,7.003174924083545,2.6299250802667236,walk_forward,rest,0.14285714285714285,0.21951219512195122,0.07665505226480837,0.0,True
baseline,front,79,29.56027704913439,4.685083984440514,-0.35,7.003174924083545,2.6299250802667236,walk_forward,rest,0.5714285714285714,0.5609756097560976,-0.010452961672473782,0.0,True
baseline,front,80,29.56027704913439,4.685083984440514,-0.35,7.003174924083545,2.6299250802667236,walk_forward,rest,0.2857142857142857,0.21951219512195122,-0.06620209059233448,0.0,True
baseline,front,81,29.56027704913439,4.685083984440514,-0.35,7.003174924083545,2.6299250802667236,walk_forward,rest,0.14285714285714285,0.21951219512195122,0.07665505226480837,0.0,True
baseline,front,82,29.56027704913439,4.685083984440514,-0.35,7.003174924083545,2.6299250802667236,walk_forward,rest,0.5714285714285714,0.5609756097560976,-0.010452961672473782,0.0,True
baseline,front,83,29.56027704913439,4.685083984440514,-0.35,7.003174924083545,2.6299250802667236,walk_forward,rest,0.2857142857142857,0.21951219512195122,-0.06620209059233448,0.0,True
baseline,front,84,29.56027704913439,4.685083984440514,-0.35,7.003174924083545,2.6299250802667236,walk_forward,rest,0.14285714285714285,0.21951219512195122,0.07665505226480837,0.0,True
baseline,front,85,29.56027704913439,4.685083984440514,-0.35,7.003174924083545,2.6299250802667236,walk_forward,rest,0.5714285714285714,0.5609756097560976,-0.010452961672473782,0.0,True
baseline,front,86,29.56027704913439,4.685083984440514,-0.35,7.003174924083545,2.6299250802667236,walk_forward,rest,0.2857142857142857,0.21951219512195122,-0.06620209059233448,0.0,True
baseline,front,87,29.56027704913439,4.685083984440514,-0.35,7.003174924083545,2.6299250802667236,walk_forward,rest,0.14285714285714285,0.21951219512195122,0.07665505226480837,0.0,True
baseline,front,88,29.56027704913439,4.685083984440514,-0.35,7.003174924083545,2.6299250802667236,walk_forward,rest,0.5714285714285714,0.5609756097560976,-0.010452961672473782,0.0,True
baseline,front,89,29.56027704913439,4.685083984440514,-0.35,7.003174924083545,2.6299250802667236,walk_forward,rest,0.2857142857142857,0.21951219512195122,-0.06620209059233448,0.0,True
baseline,front,90,29.56027704913439,4.685083984440514,-0.35,7.003174924083545,2.6299250802667236,walk_forward,rest,0.14285714285714285,0.21951219512195122,0.07665505226480837,0.0,True
baseline,front,91,29.56027704913439,4.685083984440514,-0.35,7.003174924083545,2.6299250802667236,walk_forward,rest,0.5714285714285714,0.5609756097560976,-0.010452961672473782,0.0,True
baseline,front,92,29.56027704913439,4.685083984440514,-0.35,7.003174924083545,2.6299250802667236,walk_forward,rest,0.2857142857142857,0.21951219512195122,-0.06620209059233448,0.0,True
baseline,front,93,29.56027704913439,4.685083984440514,-0.35,7.003174924083545,2.6299250802667236,walk_forward,rest,0.14285714285714285,0.21951219512195122,0.07665505226480837,0.0,True
baseline,front,94,29.56027704913439,4.685083984440514,-0.35,7.003174924083545,2.6299250802667236,walk_forward,rest,0.5714285714285714,0.5609756097560976,-0.010452961672473782,0.0,True
baseline,front,95,29.56027704913439,4.685083984440514,-0.35,7.003174924083545,2.6299250802667236,walk_forward,rest,0.2857142857142857,0.21951219512195122,-0.06620209059233448,0.0,True
baseline,front,96,29.56027704913439,4.685083984440514,-0.35,7.003174924083545,2.6299250802667236,walk_forward,rest,0.14285714285714285,0.21951219512195122,0.07665505226480837,0.0,True
baseline,front,97,29.56027704913439,4.685083984440514,-0.35,7.003174924083545,2.6299250802667236,walk_forward,rest,0.5714285714285714,0.5609756097560976,-0.010452961672473782,0.0,True
baseline,front,98,29.56027704913439,4.685083984440514,-0.35,7.003174924083545,2.6299250802667236,walk_forward,rest,0.2857142857142857,0.21951219512195122,-0.06620209059233448,0.0,True
baseline,front,99,29.56027704913439,4.685083984440514,-0.35,7.003174924083545,2.6299250802667236,walk_forward,rest,0.14285714285714285,0.21951219512195122,0.07665505226480837,0.0,True
oracle,left,0,15.46968635642369,10.171448903727725,0.35,9.839767371510645,1.2685479538457844,turn_left,turn_left,0.0,0.0,0.0,0.5,False
oracle,left,1,15.852107450065935,10.493557747346571,0.7,9.544555066083085,0.9601921609326853,turn_left,turn_left,0.0,0.0,0.0,0.4037913548073322,False
oracle,left,2,16.1008929740118,10.92726936014358,1.0499999999999998,9.139278232093497,0.6415468719894462,turn_left,turn_left,0.0,0.0,0.0,0.3056386574610511,False
oracle,left,3,16.18587654546192,11.41999422513781,1.4,8.661570427915784,0.30814013045208055,turn_left,turn_left,0.0,0.0,0.0,0.20421071180452754,False
oracle,left,4,16.096753517637172,11.911987198574778,1.75,8.16203524584817,-0.04442342694368717,turn_left,turn_left,0.0,0.0,0.0,0.2,False
oracle,left,5,16.007630489812424,12.403980172011746,1.75,7.662560696737764,-0.04732121014740631,walk_forward,walk_forward,0.0,0.0,0.0,1.0,False
oracle,left,6,15.918507461987678,12.895973145448714,1.75,7.163159464085166,-0.05062307975362934,walk_forward,walk_forward,0.0,0.0,0.0,1.0,False
oracle,left,7,15.829384434162932,13.387966118885682,1.75,6.663848031328103,-0.05441980365310938,walk_forward,walk_forward,0.0,0.0,0.0,1.0,False
oracle,left,8,15.740261406338186,13.87995909232265,1.75,6.164648218784101,-0.058831500906395995,walk_forward,walk_forward,0.0,0.0,0.0,1.0,False
oracle,left,9,15.65113837851344,14.371952065759618,1.75,5.665589531379814,-0.0640205313613047,walk_forward,walk_forward,0.0,0.0,0.0,1.0,False
oracle,left,10,15.562015350688695,14.863945039196587,1.75,5.166712863591617,-0.07021181951802946,walk_forward,walk_forward,0.0,0.0,0.0,1.0,False
oracle,left,11,15.472892322863949,15.355938012633555,1.75,4.668076573014376,-0.07772613570954512,walk_forward,walk_forward,0.0,0.0,0.0,1.0,False
oracle,left,12,15.383769295039203,15.847930986070523,1.75,4.169766896152372,-0.08703709018230787,walk_forward,walk_forward,0.0,0.0,0.0,1.0,False
oracle,left,13,15.294646267214457,16.33992395950749,1.75,3.671916808013321,-0.09887413271702128,walk_forward,walk_forward,0.0,0.0,0.0,1.0,False
oracle,left,14,15.205523239389711,16.83191693294446,1.75,3.174742528409711,-0.1144213915860417,walk_forward,walk_forward,0.0,0.0,0.0,1.0,False
oracle,left,15,15.116400211564965,17.323909906381427,1.75,2.6786203908758384,-0.1357347003667404,walk_forward,walk_forward,0.0,0.0,0.0,1.0,False
oracle,left,16,15.02727718374022,17.815902879818395,1.75,2.1842674458816567,-0.1667153248463762,walk_forward,walk_forward,0.0,0.0,0.0,1.0,False
oracle,left,17,15.11226075519034,18.308627744812625,1.4,1.695093679645326,0.23707170822082269,turn_right,turn_right,0.0,0.0,0.0,0.2,False
oracle,left,18,15.023137727365594,18.800620718249593,1.75,1.1996024407776793,-0.1599146475772013,turn_left,turn_left,0.0,0.0,0.0,0.2,False
oracle,left,19,15.108121298815714,19.293345583243823,1.4,0.7148780874936712,0.3226233481892735,turn_right,turn_right,0.0,0.0,0.0,0.2,False
oracle,left,20,15.018998270990968,19.78533855668079,1.75,0.21550050939274368,-0.09093025549597368,turn_left,turn_left,0.0,0.0,0.0,0.2,False
oracle,left,21,14.929875243166222,20.27733153011776,1.75,0.2860598872936475,-3.073132100696847,walk_forward,walk_forward,0.0,0.0,0.0,1.0,False
oracle,left,22,15.014858814616343,20.77005639511199,1.4,0.7701997377464339,-2.9900896811716122,turn_right,turn_right,0.0,0.0,0.0,0.978208329200567,False
oracle,left,23,15.263644338562207,21.203768007908998,1.0499999999999998,1.2323009998052834,-2.8364077736171316,turn_right,turn_right,0.0,0.0,0.0,0.9517751060930628,False
oracle,left,24,15.646065432204452,21.525876851527844,0.6999999999999998,1.657015603040011,-2.6713160775595943,turn_right,turn_right,0.0,0.0,0.0,0.9028566355908882,False
oracle,left,25,16.115751788628142,21.69732575525557,0.34999999999999987,2.0312106668882937,-2.5023272150554794,turn_right,turn_right,0.0,0.0,0.0,0.8503063166089246,False
oracle,left,26,16.615751788628142,21.69732575525557,-1.1102230246251565e-16,2.343409601821442,-2.331577653656214,turn_right,turn_right,0.0,0.0,0.0,0.7965154910189116,False
oracle,left,27,17.085438145051832,21.525876851527844,-0.3500000000000001,2.584057356729094,-2.1599187274403318,turn_right,turn_right,0.0,0.0,0.0,0.7421642175639792,False
oracle,left,28,17.467859238694075,21.203768007908998,-0.7000000000000001,2.7457943548038877,-1.9877701793037574,turn_right,turn_right,0.0,0.0,0.0,0.68752348429777,False
oracle,left,29,17.716644762639937,20.77005639511199,-1.05,2.8236759052752274,-1.815379654962246,turn_right,turn_right,0.0,0.0,0.0,0.6327268995337122,False
oracle,left,30,17.801628334090058,20.27733153011776,-1.4,2.815321313806595,-1.642924687069332,turn_right,turn_right,0.0,0.0,0.0,0.5778532913514017,False
oracle,left,31,17.71250530626531,19.78533855668079,-1.75,2.7209859558192044,-1.4705657688507998,turn_right,turn_right,0.0,0.0,0.0,0.5229591701495789,False
oracle,left,32,17.460082253965382,19.353733873356354,-2.1,2.543553538402991,-1.2984890396467483,turn_right,turn_right,0.0,0.0,0.0,0.4680956225086767,False
oracle,left,33,17.074966626941727,19.034851522289102,-2.45,2.2884488386130877,-1.1269648365856286,turn_right,turn_right,0.0,0.0,0.0,0.41332189842085615,False
oracle,left,34,16.6038554566074,18.86735744721115,-2.8000000000000003,1.9634743385329418,-0.9564675120223696,turn_right,turn_right,0.0,0.0,0.0,0.3587240488667057,False
oracle,left,35,16.103873127371727,18.87156107089472,3.1331853071795863,1.5785785688567127,-0.7879950178007813,turn_right,turn_right,0.0,0.0,0.0,0.3044530648903339,False
oracle,left,36,15.63564478372633,19.04695268473953,2.7831853071795862,1.1455756091169547,-0.6241830758881077,turn_right,turn_right,0.0,0.0,0.0,0.2508266044295608,False
oracle,left,37,15.255945254157576,19.372265253272115,2.433185307179586,0.6779077262985782,-0.475238035818575,turn_right,turn_right,0.0,0.0,0.0,0.2,False
oracle,left,38,15.010814843487227,19.808053139478908,2.083185307179586,0.19225128895161375,-0.4561055839434589,turn_right,turn_right,0.0,0.0,0.0,0.2,False
oracle,left,39,14.929976735310383,20.301475068730525,1.733185307179586,0.3095003629462606,-3.07575946765635,turn_right,turn_right,0.0,0.0,0.0,0.2,False
oracle,left,40,15.023232920021671,20.792701375042693,1.3831853071795859,0.7930417634445929,-2.9832817864573005,turn_right,turn_right,0.0,0.0,0.0,0.9790446460784095,False
oracle,left,41,15.279275658642591,21.22216862175599,1.0331853071795858,1.253671022842592,-2.828632795387761,turn_right,turn_right,0.0,0.0,0.0,0.949608085901399,False
oracle,left,42,15.667058597897716,21.53780194069215,0.6831853071795859,1.676246396513894,-2.6632604583233985,turn_right,turn_right,0.0,0.0,0.0,0.9003817831556158,False
oracle,left,43,16.13956128256483,21.70132934812702,0.33318530717958594,2.047711275429014,-2.4941547489937768,turn_right,turn_right,0.0,0.0,0.0,0.8477421333667112,False
oracle,left,44,16.639490600756538,21.692922397884846,-0.016814692820414038,2.3566747071306238,-2.323347205084078,turn_right,turn_right,0.0,0.0,0.0,0.7939141142769701,False
oracle,left,45,17.106227835812795,21.513600471138446,-0.366814692820414,2.5936811836814444,-2.1516571454840028,turn_right,turn_right,0.0,0.0,0.0,0.7395443844157411,False
oracle,left,46,17.483178962984447,21.185107171779052,-0.716814692820414,2.751482649556536,-1.9794921439273365,turn_right,turn_right,0.0,0.0,0.0,0.6848937410855529,False
oracle,left,47,17.724636933812416,20.74727381498261,-1.0668146928204139,2.8252547806619828,-1.807094769580806,turn_right,turn_right,0.0,0.0,0.0,0.6300919190352183,False
oracle,left,48,17.80132386483135,20.25318969804411,-1.416814692820414,2.8127425084549276,-1.6346407114716714,turn_right,turn_right,0.0,0.0,0.0,0.5752161304285898,False
oracle,left,49,17.70394111486577,19.762764780233912,-1.766814692820414,2.714328296680232,-1.4622906986362116,turn_right,turn_right,0.0,0.0,0.0,0.5203222988199384,False
oracle,left,50,17.444296787807428,19.335465326189773,-2.116814692820414,2.533020552538367,-1.2902333252052112,turn_right,turn_right,0.0,0.0,0.0,0.4654615858505083,False
oracle,left,51,17.053873946004554,19.023103349312677,-2.466814692820414,2.274362603500248,-1.118745192416527,turn_right,turn_right,0.0,0.0,0.0,0.41069402289660456,False
oracle,left,52,16.580013144939,18.863554168138002,-2.8168146928204143,1.9462658263804906,-0.9483158139578907,turn_right,turn_right,0.0,0.0,0.0,0.3561076548667677,False
oracle,left,53,16.080172174323906,18.876163850709833,3.1163706143591723,1.5587750372119076,-0.7799846990245269,turn_right,turn_right,0.0,0.0,0.0,0.301858298807225,False
oracle,left,54,15.614959038271529,19.059403415335797,2.766370614359172,1.1237867029974176,-0.6165345914028575,turn_right,turn_right,0.0,0.0,0.0,0.2482768407715954,False
oracle,left,55,15.240782957555105,19.391054226611296,2.416370614359172,0.65482164562341,-0.4690314718314515,turn_right,turn_right,0.0,0.0,0.0,0.2,False
oracle,left,56,15.003014493557108,19.83090210659713,2.066370614359172,0.16912476082671762,-0.47774926193485806,turn_right,turn_right,0.0,0.0,0.0,0.2,False
oracle,left,57,14.930484160162829,20.325613487846557,1.716370614359172,0.3329513409732223,-3.0768327020412887,turn_right,turn_right,0.0,0.0,0.0,0.2,False
oracle,left,58,15.031986592072204,20.815202352422215,1.3663706143591718,0.8158296497842593,-2.976384433242284,turn_right,turn_right,0.0,0.0,0.0,0.9793862671933278,False
oracle,left,59,15.295214155113118,21.240303810965397,1.0163706143591718,1.274952917120644,-2.820836662087947,turn_right,turn_right,0.0,0.0,0.0,0.9474125901845578,False
oracle,left,60,15.688249303183639,21.54937236708391,0.6663706143591718,1.6953589104422604,-2.655196884203076,turn_right,turn_right,0.0,0.0,0.0,0.8979001968522784,False
oracle,left,61,16.163434726717476,21.704932044574473,0.31637061435917185,2.0640672566438,-2.485978544019323,turn_right,turn_right,0.0,0.0,0.0,0.8451754180062369,False
oracle,left,62,16.66315201946798,21.688120520963903,-0.033629385640828124,2.369773308390458,-2.31511478852508,turn_right,turn_right,0.0,0.0,0.0,0.7913115474021364,False
oracle,left,63,17.126808173829716,21.500976270391025,-0.38362938564082805,2.6031217360211643,-2.143394495998324,turn_right,turn_right,0.0,0.0,0.0,0.7369239248378288,False
oracle,left,64,17.49818276018155,21.166191389292724,-0.733629385640828,2.756976506923626,-1.971213584072142,turn_right,turn_right,0.0,0.0,0.0,0.6822636580681899,False
oracle,left,65,17.732244911147603,20.724360075910408,-1.083629385640828,2.82663400072682,-1.798809756042902,turn_right,turn_right,0.0,0.0,0.0,0.6274567715899456,False
oracle,left,66,17.80061352025152,20.229056398062973,-1.433629385640828,2.8099649327543568,-1.6263569710445913,turn_right,turn_right,0.0,0.0,0.0,0.5725789287123084,False
oracle,left,67,17.69499858090056,19.74033819235963,-1.783629385640828,2.70747882824651,-1.4540162883239083,turn_right,turn_right,0.0,0.0,0.0,0.5176855023474184,False
oracle,left,68,17.428206387606,19.317464776788164,-2.133629385640828,2.522308583765161,-1.2819788879326721,turn_right,turn_right,0.0,0.0,0.0,0.46282775924576103,False
oracle,left,69,17.032586714193734,19.011711487338694,-2.4836293856408282,2.260115690617446,-1.1105279013107971,turn_right,turn_right,0.0,0.0,0.0,0.4080665539078714,False
oracle,left,70,16.556110255750145,18.860152308965844,-2.8336293856408283,1.9289198756834556,-0.940168695550444,turn_right,turn_right,0.0,0.0,0.0,0.35349200987016377,False
oracle,left,71,16.05655196241028,18.881164485325264,3.0995559215387583,1.5388615786257354,-0.7719846272670767,turn_right,turn_right,0.0,0.0,0.0,0.2992649904742248,False
oracle,left,72,15.594485562373714,19.07220019391727,2.749555921538758,1.101919036970478,-0.6089161720276728,turn_right,turn_right,0.0,0.0,0.0,0.24573033884101927,False
oracle,left,73,15.225938720277641,19.410095481219432,2.399555921538758,0.6316926836670117,-0.46298591878969814,turn_right,turn_right,0.0,0.0,0.0,0.2,False
oracle,left,74,14.99559942657196,19.853878998010185,2.049555921538758,0.1461872507060831,-0.5088664492998631,turn_right,turn_right,0.0,0.0,0.0,0.2,False
oracle,left,75,14.931397374260724,20.34973996287738,1.699555921538758,0.35640477254351366,-3.076658220661483,turn_right,turn_right,0.0,0.0,0.0,0.2,False
oracle,left,76,15.041117355866454,20.837552965611458,1.3495559215387578,0.8385616299104061,-2.9694051126032597,turn_right,turn_right,0.0,0.0,0.0,0.9793307280451806,False
oracle,left,77,15.31145532172677,21.258168448225337,0.9995559215387578,1.2961451545030283,-2.813020499589158,turn_right,turn_right,0.0,0.0,0.0,0.9451910034263098,False
oracle,left,78,15.709631556872733,21.560584859428477,0.6495559215387579,1.7143517871157654,-2.647125668956829,turn_right,turn_right,0.0,0.0,0.0,0.8954122350568948,False
oracle,left,79,16.187365371413254,21.708132826017525,0.2995559215387579,2.0802774518198173,-2.4777987205886403,turn_right,turn_right,0.0,0.0,0.0,0.842606270399839,False
oracle,left,80,16.686729355035006,21.682921482114118,-0.0504440784612421,2.3827044785491096,-2.3068804609510423,turn_right,turn_right,0.0,0.0,0.0,0.7887078287369123,False
oracle,left,81,17.14717334048056,21.488007818490928,-0.40044407846124214,2.612378345868105,-2.1351308108962344,turn_right,turn_right,0.0,0.0,0.0,0.7343028569649368,False
oracle,left,82,17.51286638830331,21.14702600845686,-0.7504440784612421,2.7622755383091286,-1.9629345210162537,turn_right,turn_right,0.0,0.0,0.0,0.679633245403885,False
oracle,left,83,17.739466543663116,20.701321656233425,-1.100444078461242,2.827813467920318,-1.7905246318146846,turn_right,turn_right,0.0,0.0,0.0,0.6248214639709174,False
oracle,left,84,17.79949750118433,20.20493845331547,-1.450444078461242,2.8069887831597486,-1.6180734839832835,turn_right,turn_right,0.0,0.0,0.0,0.569941691762206,False
oracle,left,85,17.685680232667575,19.718065133665085,-1.800444078461242,2.7004380350225867,-1.4457425617959283,turn_right,turn_right,0.0,0.0,0.0,0.5150487865237287,False
oracle,left,86,17.41181560255544,19.299737314397056,-2.150444078461242,2.51141838998955,-1.2737257659201016,turn_right,turn_right,0.0,0.0,0.0,0.46019415029632393,False
oracle,left,87,17.011110949989433,19.00067915715677,-2.5004440784612423,2.245709108524143,-1.1023130351624035,turn_right,turn_right,0.0,0.0,0.0,0.4054395035793891,False
oracle,left,88,16.532153547038575,18.857152831492908,-2.8504440784612424,1.9114377160314606,-0.9320263187308238,turn_right,turn_right,0.0,0.0,0.0,0.35087713676145355,False
oracle,left,89,16.033019169708016,18.886561560925436,3.082741228718344,1.5188396105557163,-0.763995264137348,turn_right,turn_right,0.0,0.0,0.0,0.2966731914355059,False
oracle,left,90,15.574230144442087,19.085339402486156,2.732741228718344,1.0799741975762025,-0.6013297579334367,turn_right,turn_right,0.0,0.0,0.0,0.24318724557251434,False
oracle,left,91,15.211416739195323,19.429383633615306,2.382741228718344,0.6085228633322294,-0.45712006053129706,turn_right,turn_right,0.0,0.0,0.0,0.2,False
oracle,left,92,14.988571738973157,19.876977317525146,2.032741228718344,0.12355235956227809,-0.5545746206888491,turn_right,turn_right,0.0,0.0,0.0,0.2,False
oracle,left,93,14.932716119413579,20.373847672611475,1.6827412287183439,0.3798541863712769,-3.075467159802887,turn_right,turn_right,0.0,0.0,0.0,0.2,False
oracle,left,94,15.05062262988884,20.859746895483408,1.3327412287183438,0.8612359577666391,-2.962350503167895,turn_right,turn_right,0.0,0.0,0.0,0.978951601598843,False
oracle,left,95,15.327994566663449,21.275757482716358,0.9827412287183438,1.3172462148237596,-2.805185355733917,turn_right,turn_right,0.0,0.0,0.0,0.9429454514998677,False
oracle,left,96,15.731199313619577,21.57143624764892,0.6327412287183438,1.733223677620016,-2.6390471104409876,turn_right,turn_right,0.0,0.0,0.0,0.8929182313080994,False
oracle,left,97,16.211346450807206,21.710930787508094,0.28274122871834384,2.09634071265295,-2.4696153944100745,turn_right,turn_right,0.0,0.0,0.0,0.8400347853581325,False
oracle,left,98,16.71021594150277,21.677326751245356,-0.06725877128165612,2.3954673024304696,-2.298644277561655,turn_right,turn_right,0.0,0.0,0.0,0.7861029951124081,False
oracle,left,99,17.167317577978107,21.47469878197268,-0.4172587712816561,2.62145035836359,-2.126866121344881,turn_right,turn_right,0.0,0.0,0.0,0.7316811983676721,False
oracle,right,0,15.46968635642369,9.828551096272275,-0.35,9.839767371510645,-1.2685479538457844,turn_right,turn_right,0.0,0.0,0.0,0.5,False
oracle,right,1,15.852107450065935,9.506442252653429,-0.7,9.544555066083085,-0.9601921609326853,turn_right,turn_right,0.0,0.0,0.0,0.4037913548073322,False
oracle,right,2,16.1008929740118,9.07273063985642,-1.0499999999999998,9.139278232093497,-0.6415468719894462,turn_right,turn_right,0.0,0.0,0.0,0.3056386574610511,False
oracle,right,3,16.18587654546192,8.58000577486219,-1.4,8.661570427915784,-0.30814013045208055,turn_right,turn_right,0.0,0.0,0.0,0.20421071180452754,False
oracle,right,4,16.096753517637172,8.088012801425222,-1.75,8.16203524584817,0.04442342694368717,turn_right,turn_right,0.0,0.0,0.0,0.2,False
oracle,right,5,16.007630489812424,7.596019827988254,-1.75,7.662560696737764,0.04732121014740631,walk_forward,walk_forward,0.0,0.0,0.0,1.0,False
oracle,right,6,15.918507461987678,7.104026854551286,-1.75,7.163159464085166,0.05062307975362934,walk_forward,walk_forward,0.0,0.0,0.0,1.0,False
oracle,right,7,15.829384434162932,6.612033881114318,-1.75,6.663848031328103,0.05441980365310938,walk_forward,walk_forward,0.0,0.0,0.0,1.0,False
oracle,right,8,15.740261406338186,6.12004090767735,-1.75,6.164648218784101,0.058831500906395995,walk_forward,walk_forward,0.0,0.0,0.0,1.0,False
oracle,right,9,15.65113837851344,5.6280479342403815,-1.75,5.665589531379814,0.0640205313613047,walk_forward,walk_forward,0.0,0.0,0.0,1.0,False
oracle,right,10,15.562015350688695,5.136054960803413,-1.75,5.166712863591617,0.07021181951802946,walk_forward,walk_forward,0.0,0.0,0.0,1.0,False
oracle,right,11,15.472892322863949,4.644061987366445,-1.75,4.668076573014376,0.07772613570954512,walk_forward,walk_forward,0.0,0.0,0.0,1.0,False
oracle,right,12,15.383769295039203,4.152069013929477,-1.75,4.169766896152372,0.08703709018230787,walk_forward,walk_forward,0.0,0.0,0.0,1.0,False
oracle,right,13,15.294646267214457,3.6600760404925086,-1.75,3.6719168080133207,0.09887413271702128,walk_forward,walk_forward,0.0,0.0,0.0,1.0,False
oracle,right,14,15.205523239389711,3.16808306705554,-1.75,3.17474252840971,0.1144213915860417,walk_forward,walk_forward,0.0,0.0,0.0,1.0,False
oracle,right,15,15.116400211564965,2.6760900936185714,-1.75,2.678620390875837,0.1357347003667404,walk_forward,walk_forward,0.0,0.0,0.0,1.0,False
oracle,right,16,15.02727718374022,2.184097120181603,-1.75,2.184267445881655,0.1667153248463762,walk_forward,walk_forward,0.0,0.0,0.0,1.0,False
oracle,right,17,15.11226075519034,1.6913722551873729,-1.4,1.6950936796453242,-0.23707170822082269,turn_left,turn_left,0.0,0.0,0.0,0.2,False
oracle,right,18,15.023137727365594,1.1993792817504043,-1.75,1.199602440777677,0.1599146475772013,turn_right,turn_right,0.0,0.0,0.0,0.2,False
oracle,right,19,15.108121298815714,0.7066544167561742,-1.4,0.7148780874936689,-0.3226233481892739,turn_left,turn_left,0.0,0.0,0.0,0.2,False
oracle,right,20,15.018998270990968,0.21466144331920578,-1.75,0.215500509392741,0.09093025549597256,turn_right,turn_right,0.0,0.0,0.0,0.2,False
oracle,right,21,15.018998270990968,0.21466144331920578,-1.75,0.215500509392741,0.09093025549597256,walk_forward,rest,0.0,0.0,0.0,0.0,True
oracle,right,22,15.018998270990968,0.21466144331920578,-1.75,0.215500509392741,0.09093025549597256,walk_forward,rest,0.0,0.0,0.0,0.0,True
oracle,right,23,15.018998270990968,0.21466144331920578,-1.75,0.215500509392741,0.09093025549597256,walk_forward,rest,0.0,0.0,0.0,0.0,True
oracle,right,24,15.018998270990968,0.21466144331920578,-1.75,0.215500509392741,0.09093025549597256,walk_forward,rest,0.0,0.0,0.0,0.0,True
oracle,right,25,15.018998270990968,0.21466144331920578,-1.75,0.215500509392741,0.09093025549597256,walk_forward,rest,0.0,0.0,0.0,0.0,True
oracle,right,26,15.018998270990968,0.21466144331920578,-1.75,0.215500509392741,0.09093025549597256,walk_forward,rest,0.0,0.0,0.0,0.0,True
oracle,right,27,15.018998270990968,0.21466144331920578,-1.75,0.215500509392741,0.09093025549597256,walk_forward,rest,0.0,0.0,0.0,0.0,True
oracle,right,28,15.018998270990968,0.21466144331920578,-1.75,0.215500509392741,0.09093025549597256,walk_forward,rest,0.0,0.0,0.0,0.0,True
oracle,right,29,15.018998270990968,0.21466144331920578,-1.75,0.215500509392741,0.09093025549597256,walk_forward,rest,0.0,0.0,0.0,0.0,True
oracle,right,30,15.018998270990968,0.21466144331920578,-1.75,0.215500509392741,0.09093025549597256,walk_forward,rest,0.0,0.0,0.0,0.0,True
oracle,right,31,15.018998270990968,0.21466144331920578,-1.75,0.215500509392741,0.09093025549597256,walk_forward,rest,0.0,0.0,0.0,0.0,True
oracle,right,32,15.018998270990968,0.21466144331920578,-1.75,0.215500509392741,0.09093025549597256,walk_forward,rest,0.0,0.0,0.0,0.0,True
oracle,right,33,15.018998270990968,0.21466144331920578,-1.75,0.215500509392741,0.09093025549597256,walk_forward,rest,0.0,0.0,0.0,0.0,True
oracle,right,34,15.018998270990968,0.21466144331920578,-1.75,0.215500509392741,0.09093025549597256,walk_forward,rest,0.0,0.0,0.0,0.0,True
oracle,right,35,15.018998270990968,0.21466144331920578,-1.75,0.215500509392741,0.09093025549597256,walk_forward,rest,0.0,0.0,0.0,0.0,True
oracle,right,36,15.018998270990968,0.21466144331920578,-1.75,0.215500509392741,0.09093025549597256,walk_forward,rest,0.0,0.0,0.0,0.0,True
oracle,right,37,15.018998270990968,0.21466144331920578,-1.75,0.215500509392741,0.09093025549597256,walk_forward,rest,0.0,0.0,0.0,0.0,True
oracle,right,38,15.018998270990968,0.21466144331920578,-1.75,0.215500509392741,0.09093025549597256,walk_forward,rest,0.0,0.0,0.0,0.0,True
oracle,right,39,15.018998270990968,0.21466144331920578,-1.75,0.215500509392741,0.09093025549597256,walk_forward,rest,0.0,0.0,0.0,0.0,True
oracle,right,40,15.018998270990968,0.21466144331920578,-1.75,0.215500509392741,0.09093025549597256,walk_forward,rest,0.0,0.0,0.0,0.0,True
oracle,right,41,15.018998270990968,0.21466144331920578,-1.75,0.215500509392741,0.09093025549597256,walk_forward,rest,0.0,0.0,0.0,0.0,True
oracle,right,42,15.018998270990968,0.21466144331920578,-1.75,0.215500509392741,0.09093025549597256,walk_forward,rest,0.0,0.0,0.0,0.0,True
oracle,right,43,15.018998270990968,0.21466144331920578,-1.75,0.215500509392741,0.09093025549597256,walk_forward,rest,0.0,0.0,0.0,0.0,True
oracle,right,44,15.018998270990968,0.21466144331920578,-1.75,0.215500509392741,0.09093025549597256,walk_forward,rest,0.0,0.0,0.0,0.0,True
oracle,right,45,15.018998270990968,0.21466144331920578,-1.75,0.215500509392741,0.09093025549597256,walk_forward,rest,0.0,0.0,0.0,0.0,True
oracle,right,46,15.018998270990968,0.21466144331920578,-1.75,0.215500509392741,0.09093025549597256,walk_forward,rest,0.0,0.0,0.0,0.0,True
oracle,right,47,15.018998270990968,0.21466144331920578,-1.75,0.215500509392741,0.09093025549597256,walk_forward,rest,0.0,0.0,0.0,0.0,True
oracle,right,48,15.018998270990968,0.21466144331920578,-1.75,0.215500509392741,0.09093025549597256,walk_forward,rest,0.0,0.0,0.0,0.0,True
oracle,right,49,15.018998270990968,0.21466144331920578,-1.75,0.215500509392741,0.09093025549597256,walk_forward,rest,0.0,0.0,0.0,0.0,True
oracle,right,50,15.018998270990968,0.21466144331920578,-1.75,0.215500509392741,0.09093025549597256,walk_forward,rest,0.0,0.0,0.0,0.0,True
oracle,right,51,15.018998270990968,0.21466144331920578,-1.75,0.215500509392741,0.09093025549597256,walk_forward,rest,0.0,0.0,0.0,0.0,True
oracle,right,52,15.018998270990968,0.21466144331920578,-1.75,0.215500509392741,0.09093025549597256,walk_forward,rest,0.0,0.0,0.0,0.0,True
oracle,right,53,15.018998270990968,0.21466144331920578,-1.75,0.215500509392741,0.09093025549597256,walk_forward,rest,0.0,0.0,0.0,0.0,True
oracle,right,54,15.018998270990968,0.21466144331920578,-1.75,0.215500509392741,0.09093025549597256,walk_forward,rest,0.0,0.0,0.0,0.0,True
oracle,right,55,15.018998270990968,0.21466144331920578,-1.75,0.215500509392741,0.09093025549597256,walk_forward,rest,0.0,0.0,0.0,0.0,True
oracle,right,56,15.018998270990968,0.21466144331920578,-1.75,0.215500509392741,0.09093025549597256,walk_forward,rest,0.0,0.0,0.0,0.0,True
oracle,right,57,15.018998270990968,0.21466144331920578,-1.75,0.215500509392741,0.09093025549597256,walk_forward,rest,0.0,0.0,0.0,0.0,True
oracle,right,58,15.018998270990968,0.21466144331920578,-1.75,0.215500509392741,0.09093025549597256,walk_forward,rest,0.0,0.0,0.0,0.0,True
oracle,right,59,15.018998270990968,0.21466144331920578,-1.75,0.215500509392741,0.09093025549597256,walk_forward,rest,0.0,0.0,0.0,0.0,True
oracle,right,60,15.018998270990968,0.21466144331920578,-1.75,0.215500509392741,0.09093025549597256,walk_forward,rest,0.0,0.0,0.0,0.0,True
oracle,right,61,15.018998270990968,0.21466144331920578,-1.75,0.215500509392741,0.09093025549597256,walk_forward,rest,0.0,0.0,0.0,0.0,True
oracle,right,62,15.018998270990968,0.21466144331920578,-1.75,0.215500509392741,0.09093025549597256,walk_forward,rest,0.0,0.0,0.0,0.0,True
oracle,right,63,15.018998270990968,0.21466144331920578,-1.75,0.215500509392741,0.09093025549597256,walk_forward,rest,0.0,0.0,0.0,0.0,True
oracle,right,64,15.018998270990968,0.21466144331920578,-1.75,0.215500509392741,0.09093025549597256,walk_forward,rest,0.0,0.0,0.0,0.0,True
oracle,right,65,15.018998270990968,0.21466144331920578,-1.75,0.215500509392741,0.09093025549597256,walk_forward,rest,0.0,0.0,0.0,0.0,True
oracle,right,66,15.018998270990968,0.21466144331920578,-1.75,0.215500509392741,0.09093025549597256,walk_forward,rest,0.0,0.0,0.0,0.0,True
oracle,right,67,15.018998270990968,0.21466144331920578,-1.75,0.215500509392741,0.09093025549597256,walk_forward,rest,0.0,0.0,0.0,0.0,True
oracle,right,68,15.018998270990968,0.21466144331920578,-1.75,0.215500509392741,0.09093025549597256,walk_forward,rest,0.0,0.0,0.0,0.0,True
oracle,right,69,15.018998270990968,0.21466144331920578,-1.75,0.215500509392741,0.09093025549597256,walk_forward,rest,0.0,0.0,0.0,0.0,True
oracle,right,70,15.018998270990968,0.21466144331920578,-1.75,0.215500509392741,0.09093025549597256,walk_forward,rest,0.0,0.0,0.0,0.0,True
oracle,right,71,15.018998270990968,0.21466144331920578,-1.75,0.215500509392741,0.09093025549597256,walk_forward,rest,0.0,0.0,0.0,0.0,True
oracle,right,72,15.018998270990968,0.21466144331920578,-1.75,0.215500509392741,0.09093025549597256,walk_forward,rest,0.0,0.0,0.0,0.0,True
oracle,right,73,15.018998270990968,0.21466144331920578,-1.75,0.215500509392741,0.09093025549597256,walk_forward,rest,0.0,0.0,0.0,0.0,True
oracle,right,74,15.018998270990968,0.21466144331920578,-1.75,0.215500509392741,0.09093025549597256,walk_forward,rest,0.0,0.0,0.0,0.0,True
oracle,right,75,15.018998270990968,0.21466144331920578,-1.75,0.215500509392741,0.09093025549597256,walk_forward,rest,0.0,0.0,0.0,0.0,True
oracle,right,76,15.018998270990968,0.21466144331920578,-1.75,0.215500509392741,0.09093025549597256,walk_forward,rest,0.0,0.0,0.0,0.0,True
oracle,right,77,15.018998270990968,0.21466144331920578,-1.75,0.215500509392741,0.09093025549597256,walk_forward,rest,0.0,0.0,0.0,0.0,True
oracle,right,78,15.018998270990968,0.21466144331920578,-1.75,0.215500509392741,0.09093025549597256,walk_forward,rest,0.0,0.0,0.0,0.0,True
oracle,right,79,15.018998270990968,0.21466144331920578,-1.75,0.215500509392741,0.09093025549597256,walk_forward,rest,0.0,0.0,0.0,0.0,True
oracle,right,80,15.018998270990968,0.21466144331920578,-1.75,0.215500509392741,0.09093025549597256,walk_forward,rest,0.0,0.0,0.0,0.0,True
oracle,right,81,15.018998270990968,0.21466144331920578,-1.75,0.215500509392741,0.09093025549597256,walk_forward,rest,0.0,0.0,0.0,0.0,True
oracle,right,82,15.018998270990968,0.21466144331920578,-1.75,0.215500509392741,0.09093025549597256,walk_forward,rest,0.0,0.0,0.0,0.0,True
oracle,right,83,15.018998270990968,0.21466144331920578,-1.75,0.215500509392741,0.09093025549597256,walk_forward,rest,0.0,0.0,0.0,0.0,True
oracle,right,84,15.018998270990968,0.21466144331920578,-1.75,0.215500509392741,0.09093025549597256,walk_forward,rest,0.0,0.0,0.0,0.0,True
oracle,right,85,15.018998270990968,0.21466144331920578,-1.75,0.215500509392741,0.09093025549597256,walk_forward,rest,0.0,0.0,0.0,0.0,True
oracle,right,86,15.018998270990968,0.21466144331920578,-1.75,0.215500509392741,0.09093025549597256,walk_forward,rest,0.0,0.0,0.0,0.0,True
oracle,right,87,15.018998270990968,0.21466144331920578,-1.75,0.215500509392741,0.09093025549597256,walk_forward,rest,0.0,0.0,0.0,0.0,True
oracle,right,88,15.018998270990968,0.21466144331920578,-1.75,0.215500509392741,0.09093025549597256,walk_forward,rest,0.0,0.0,0.0,0.0,True
oracle,right,89,15.018998270990968,0.21466144331920578,-1.75,0.215500509392741,0.09093025549597256,walk_forward,rest,0.0,0.0,0.0,0.0,True
oracle,right,90,15.018998270990968,0.21466144331920578,-1.75,0.215500509392741,0.09093025549597256,walk_forward,rest,0.0,0.0,0.0,0.0,True
oracle,right,91,15.018998270990968,0.21466144331920578,-1.75,0.215500509392741,0.09093025549597256,walk_forward,rest,0.0,0.0,0.0,0.0,True
oracle,right,92,15.018998270990968,0.21466144331920578,-1.75,0.215500509392741,0.09093025549597256,walk_forward,rest,0.0,0.0,0.0,0.0,True
oracle,right,93,15.018998270990968,0.21466144331920578,-1.75,0.215500509392741,0.09093025549597256,walk_forward,rest,0.0,0.0,0.0,0.0,True
oracle,right,94,15.018998270990968,0.21466144331920578,-1.75,0.215500509392741,0.09093025549597256,walk_forward,rest,0.0,0.0,0.0,0.0,True
oracle,right,95,15.018998270990968,0.21466144331920578,-1.75,0.215500509392741,0.09093025549597256,walk_forward,rest,0.0,0.0,0.0,0.0,True
oracle,right,96,15.018998270990968,0.21466144331920578,-1.75,0.215500509392741,0.09093025549597256,walk_forward,rest,0.0,0.0,0.0,0.0,True
oracle,right,97,15.018998270990968,0.21466144331920578,-1.75,0.215500509392741,0.09093025549597256,walk_forward,rest,0.0,0.0,0.0,0.0,True
oracle,right,98,15.018998270990968,0.21466144331920578,-1.75,0.215500509392741,0.09093025549597256,walk_forward,rest,0.0,0.0,0.0,0.0,True
oracle,right,99,15.018998270990968,0.21466144331920578,-1.75,0.215500509392741,0.09093025549597256,walk_forward,rest,0.0,0.0,0.0,0.0,True
oracle,front,0,15.5,10.0,0.0,9.5,0.0,walk_forward,walk_forward,0.0,0.0,0.0,1.0,False
oracle,front,1,16.0,10.0,0.0,9.0,0.0,walk_forward,walk_forward,0.0,0.0,0.0,1.0,False
oracle,front,2,16.5,10.0,0.0,8.5,0.0,walk_forward,walk_forward,0.0,0.0,0.0,1.0,False
oracle,front,3,17.0,10.0,0.0,8.0,0.0,walk_forward,walk_forward,0.0,0.0,0.0,1.0,False
oracle,front,4,17.5,10.0,0.0,7.5,0.0,walk_forward,walk_forward,0.0,0.0,0.0,1.0,False
oracle,front,5,18.0,10.0,0.0,7.0,0.0,walk_forward,walk_forward,0.0,0.0,0.0,1.0,False
oracle,front,6,18.5,10.0,0.0,6.5,0.0,walk_forward,walk_forward,0.0,0.0,0.0,1.0,False
oracle,front,7,19.0,10.0,0.0,6.0,0.0,walk_forward,walk_forward,0.0,0.0,0.0,1.0,False
oracle,front,8,19.5,10.0,0.0,5.5,0.0,walk_forward,walk_forward,0.0,0.0,0.0,1.0,False
oracle,front,9,20.0,10.0,0.0,5.0,0.0,walk_forward,walk_forward,0.0,0.0,0.0,1.0,False
oracle,front,10,20.5,10.0,0.0,4.5,0.0,walk_forward,walk_forward,0.0,0.0,0.0,1.0,False
oracle,front,11,21.0,10.0,0.0,4.0,0.0,walk_forward,walk_forward,0.0,0.0,0.0,1.0,False
oracle,front,12,21.5,10.0,0.0,3.5,0.0,walk_forward,walk_forward,0.0,0.0,0.0,1.0,False
oracle,front,13,22.0,10.0,0.0,3.0,0.0,walk_forward,walk_forward,0.0,0.0,0.0,1.0,False
oracle,front,14,22.5,10.0,0.0,2.5,0.0,walk_forward,walk_forward,0.0,0.0,0.0,1.0,False
oracle,front,15,23.0,10.0,0.0,2.0,0.0,walk_forward,walk_forward,0.0,0.0,0.0,1.0,False
oracle,front,16,23.5,10.0,0.0,1.5,0.0,walk_forward,walk_forward,0.0,0.0,0.0,1.0,False
oracle,front,17,24.0,10.0,0.0,1.0,0.0,walk_forward,walk_forward,0.0,0.0,0.0,1.0,False
oracle,front,18,24.5,10.0,0.0,0.5,0.0,walk_forward,walk_forward,0.0,0.0,0.0,1.0,False
oracle,front,19,25.0,10.0,0.0,0.0,0.0,walk_forward,walk_forward,0.0,0.0,0.0,1.0,False
oracle,front,20,25.5,10.0,0.0,0.5,3.141592653589793,walk_forward,walk_forward,0.0,0.0,0.0,1.0,False
oracle,front,21,25.96968635642369,10.171448903727725,0.35,0.9847265389049339,2.966592653589793,turn_left,turn_left,0.0,0.0,0.0,1.0,False
oracle,front,22,26.352107450065933,10.493557747346571,0.7,1.4393727128473786,2.791592653589794,turn_left,turn_left,0.0,0.0,0.0,0.9442957699178366,False
oracle,front,23,26.600892974011796,10.92726936014358,1.0499999999999998,1.8500504805278735,2.616592653589794,turn_left,turn_left,0.0,0.0,0.0,0.8885915398356735,False
oracle,front,24,26.685876545461916,11.41999422513781,1.4,2.2042149001318663,2.441592653589794,turn_left,turn_left,0.0,0.0,0.0,0.8328873097535102,False
oracle,front,25,26.59675351763717,11.911987198574778,1.75,2.4910473386911973,2.266592653589794,turn_left,turn_left,0.0,0.0,0.0,0.7771830796713467,False
oracle,front,26,26.34433046533724,12.343591881899215,2.1,2.701785948023593,2.0915926535897946,turn_left,turn_left,0.0,0.0,0.0,0.7214788495891834,False
oracle,front,27,25.959214838313585,12.662474232966467,2.45,2.829993312227316,1.9165926535897946,turn_left,turn_left,0.0,0.0,0.0,0.6657746195070202,False
oracle,front,28,25.488103667979257,12.82996830804442,2.8000000000000003,2.8717530909238347,1.7415926535897939,turn_left,turn_left,0.0,0.0,0.0,0.6100703894248569,False
oracle,front,29,24.988121338743586,12.825764684360845,-3.1331853071795863,2.8257896514026286,1.5665926535897943,turn_left,turn_left,0.0,0.0,0.0,0.5543661593426933,False
oracle,front,30,24.51989299509819,12.650373070516034,-2.7831853071795862,2.6935070352743424,1.3915926535897938,turn_left,turn_left,0.0,0.0,0.0,0.49866192926053005,False
oracle,front,31,24.140193465529435,12.325060501983451,-2.433185307179586,2.478946069320956,1.2165926535897935,turn_left,turn_left,0.0,0.0,0.0,0.4429576991783665,False
oracle,front,32,23.895063054859087,11.889272615776656,-2.083185307179586,2.188660930674485,1.0415926535897932,turn_left,turn_left,0.0,0.0,0.0,0.38725346909620306,False
oracle,front,33,23.814224946682245,11.395850686525039,-1.733185307179586,1.8315189368781168,0.8665926535897925,turn_left,turn_left,0.0,0.0,0.0,0.3315492390140396,False
oracle,front,34,23.90748113139353,10.904624380212873,-1.3831853071795859,1.4184296766271787,0.6915926535897928,turn_left,turn_left,0.0,0.0,0.0,0.275845008931876,False
oracle,front,35,24.16352387001445,10.475157133499577,-1.0331853071795858,0.962011755412134,0.5165926535897929,turn_left,turn_left,0.0,0.0,0.0,0.22014077884971273,False
oracle,front,36,24.551306809269576,10.159523814563416,-0.6831853071795859,0.476207335958521,0.34159265358979396,turn_left,turn_left,0.0,0.0,0.0,0.2,False
oracle,front,37,25.02380949393669,9.995996407128546,-0.33318530717958594,0.02414375193298634,-2.9750000000000116,turn_left,turn_left,0.0,0.0,0.0,0.2,False
oracle,front,38,25.411592433191814,9.680363088192385,-0.6831853071795859,0.5211296253818879,-3.1187075026245235,turn_right,turn_right,0.0,0.0,0.0,0.9469719113967809,False
oracle,front,39,25.667635171812734,9.250895841479089,-1.0331853071795858,1.003440961369796,-2.9512468208719285,turn_right,turn_right,0.0,0.0,0.0,0.9927154302009461,False
oracle,front,40,25.76089135652402,8.759669535166923,-1.3831853071795859,1.4551203793590413,-2.7789468927714176,turn_right,turn_right,0.0,0.0,0.0,0.9394110396520177,False
oracle,front,41,25.68005324834718,8.266247605915305,-1.733185307179586,1.86235597686961,-2.6054016954191894,turn_right,turn_right,0.0,0.0,0.0,0.8845662691488687,False
oracle,front,42,25.43492283767683,7.830459719708511,-2.083185307179586,2.2127048837430037,-2.4313584034612243,turn_right,turn_right,0.0,0.0,0.0,0.8293251171319375,False
oracle,front,43,25.055223308108076,7.505147151175927,-2.433185307179586,2.4954639550680735,-2.2570723912614348,turn_right,turn_right,0.0,0.0,0.0,0.7739254166777454,False
oracle,front,44,24.58699496446268,7.329755537331117,-2.7831853071795862,2.7019953089879736,-2.082657086668933,turn_right,turn_right,0.0,0.0,0.0,0.7184484559710036,False
oracle,front,45,24.08701263522701,7.325551913647542,-3.1331853071795863,2.8259898256769174,-1.908173396488076,turn_right,turn_right,0.0,0.0,0.0,0.6629303402174532,False
oracle,front,46,23.61590146489268,7.493045988725495,2.8000000000000003,2.863659751005968,-1.7336605586594966,turn_right,turn_right,0.0,0.0,0.0,0.6073904566550568,False
oracle,front,47,23.230785837869025,7.811928339792747,2.45,2.813854356871893,-1.55914982184293,turn_right,turn_right,0.0,0.0,0.0,0.5518412951082313,False
oracle,front,48,22.978362785569097,8.243533023117184,2.1,2.6780950818915676,-1.3846729859768452,turn_right,turn_right,0.0,0.0,0.0,0.49629280233430056,False
oracle,front,49,22.88923975774435,8.735525996554152,1.75,2.460529070276859,-1.2102712750667937,turn_right,turn_right,0.0,0.0,0.0,0.44075510056805917,False
oracle,front,50,22.97422332919447,9.228250861548382,1.4,2.167802540057732,-1.0360103991752083,turn_right,turn_right,0.0,0.0,0.0,0.3852413118180223,False
oracle,front,51,23.223008853140332,9.66196247434539,1.0499999999999998,1.8088579006567458,-0.8620158051252502,turn_right,turn_right,0.0,0.0,0.0,0.3297723522466841,False
oracle,front,52,23.605429946782575,9.984071317964236,0.6999999999999998,1.3946610183991837,-0.6885785663005404,turn_right,turn_right,0.0,0.0,0.0,0.27438815281804707,False
oracle,front,53,24.075116303206265,10.155520221691962,0.34999999999999987,0.9378680034791477,-0.5165926535897923,turn_right,turn_right,0.0,0.0,0.0,0.21918136506772276,False
oracle,front,54,24.575116303206265,10.155520221691962,-1.1102230246251565e-16,0.4524518705411964,-0.35088355154947365,turn_right,turn_right,0.0,0.0,0.0,0.2,False
oracle,front,55,25.044802659629955,9.984071317964236,-0.3500000000000001,0.04754998655429933,-3.1331853071796023,turn_right,turn_right,0.0,0.0,0.0,0.2,False
oracle,front,56,25.427223753272198,9.66196247434539,-0.7000000000000001,0.544783905884411,-3.1109707048858253,turn_right,turn_right,0.0,0.0,0.0,0.9973238585210644,False
oracle,front,57,25.67600927721806,9.228250861548382,-1.05,1.0259557863698119,-2.9430243927384994,turn_right,turn_right,0.0,0.0,0.0,0.9902527309933141,False
oracle,front,58,25.76099284866818,8.735525996554152,-1.4,1.4758064307741998,-2.7706281949823213,turn_right,turn_right,0.0,0.0,0.0,0.9367937594887115,False
oracle,front,59,25.671869820843433,8.243533023117184,-1.75,1.8805811062116002,-2.5970487047649766,turn_right,turn_right,0.0,0.0,0.0,0.8819183454024241,False
oracle,front,60,25.419446768543505,7.811928339792747,-2.1,2.2279122922242056,-2.4229896740678827,turn_right,turn_right,0.0,0.0,0.0,0.8266662776275008,False
oracle,front,61,25.03433114151985,7.493045988725495,-2.45,2.507189071833911,-2.2486954720462777,turn_right,turn_right,0.0,0.0,0.0,0.7712615673770479,False
oracle,front,62,24.56321997118552,7.325551913647542,-2.8000000000000003,2.709879953091188,-2.0742757397986513,turn_right,turn_right,0.0,0.0,0.0,0.7157819997690561,False
oracle,front,63,24.06323764194985,7.329755537331117,3.1331853071795863,2.829793138353669,-1.8997898554526247,turn_right,turn_right,0.0,0.0,0.0,0.6602624746491069,False
oracle,front,64,23.595009298304454,7.505147151175927,2.7831853071795862,2.863265549881208,-1.7252764298459535,turn_right,turn_right,0.0,0.0,0.0,0.6047218926622451,False
oracle,front,65,23.2153097687357,7.830459719708511,2.433185307179586,2.8092746838601403,-1.5507665580944472,turn_right,turn_right,0.0,0.0,0.0,0.5491725440198422,False
oracle,front,66,22.97017935806535,8.266247605915305,2.083185307179586,2.66946983545767,-1.376292268225631,turn_right,turn_right,0.0,0.0,0.0,0.4936243266046723,False
oracle,front,67,22.88934124988851,8.759669535166923,1.733185307179586,2.4481217333734113,-1.2018955324195644,turn_right,turn_right,0.0,0.0,0.0,0.43808743525453175,False
oracle,front,68,22.982597434599796,9.250895841479089,1.3831853071795859,2.151992135486709,-1.0276438602571003,turn_right,turn_right,0.0,0.0,0.0,0.382575230129278,False
oracle,front,69,23.238640173220716,9.680363088192385,1.0331853071795858,1.7901274241745635,-0.8536672498587664,turn_right,turn_right,0.0,0.0,0.0,0.3271092001959089,False
oracle,front,70,23.62642311247584,9.995996407128546,0.6831853071795859,1.3735827221891066,-0.6802705948178396,turn_right,turn_right,0.0,0.0,0.0,0.27173072514137353,False
oracle,front,71,24.098925797142954,10.159523814563416,0.33318530717958594,0.9150860978439812,-0.5084071251014333,turn_right,turn_right,0.0,0.0,0.0,0.21653685561064612,False
oracle,front,72,24.59885511533466,10.15111686432124,-0.016814692820414038,0.4286648168154836,-0.34345774998705514,turn_right,turn_right,0.0,0.0,0.0,0.2,False
oracle,front,73,25.06559235039092,9.97179493757484,-0.366814692820414,0.07139945361284084,3.1023047621703226,turn_right,turn_right,0.0,0.0,0.0,0.2,False
oracle,front,74,25.565521668582626,9.963387987332665,-0.016814692820414038,0.5667055647406603,3.093757320939964,turn_left,turn_left,0.0,0.0,0.0,0.9874942757538672,False
oracle,front,75,26.03802435324974,10.126915394767535,0.33318530717958594,1.045754309275624,2.930069796362564,turn_left,turn_left,0.0,0.0,0.0,0.9847735407086692,False
oracle,front,76,26.425807292504864,10.442548713703696,0.6831853071795859,1.4929085033453475,2.759363914673463,turn_left,turn_left,0.0,0.0,0.0,0.9326701833907305,False
oracle,front,77,26.681850031125784,10.872015960416991,1.0331853071795858,1.8944739012242335,2.586734273605158,turn_left,turn_left,0.0,0.0,0.0,0.8783328136193692,False
oracle,front,78,26.77510621583707,11.363242266729157,1.3831853071795859,2.2381759437765956,2.413315350006017,turn_left,turn_left,0.0,0.0,0.0,0.8233830922189683,False
oracle,front,79,26.69426810766023,11.856664195980775,1.733185307179586,2.5135127525579635,2.2395070318207266,turn_left,turn_left,0.0,0.0,0.0,0.7681821343860102,False
oracle,front,80,26.44913769698988,12.29245208218757,2.083185307179586,2.712072383614282,2.0654904839531594,turn_left,turn_left,0.0,0.0,0.0,0.7128572284066544,False
oracle,front,81,26.069438167421126,12.617764650720153,2.433185307179586,2.827788846518965,1.8913646367017984,turn_left,turn_left,0.0,0.0,0.0,0.6574660408608329,False
oracle,front,82,25.60120982377573,12.793156264564963,2.7831853071795862,2.8571270833624016,1.7171944092073919,turn_left,turn_left,0.0,0.0,0.0,0.602040062240596,False
oracle,front,83,25.10122749454006,12.797359888248538,3.1331853071795863,2.799190838444698,1.5430326591079597,turn_left,turn_left,0.0,0.0,0.0,0.5465999569502465,False
oracle,front,84,24.63011632420573,12.629865813170586,-2.8000000000000003,2.655750012501641,1.3689344708471725,turn_left,turn_left,0.0,0.0,0.0,0.49116255009852655,False
oracle,front,85,24.245000697182075,12.310983462103334,-2.45,2.4311866463459078,1.1949727881946393,turn_left,turn_left,0.0,0.0,0.0,0.4357453756084312,False
oracle,front,86,23.992577644882147,11.879378778778896,-2.1,2.132361225429608,1.0212659610157875,turn_left,turn_left,0.0,0.0,0.0,0.38037165220296265,False
oracle,front,87,23.9034546170574,11.387385805341928,-1.75,1.7684035596314,0.8480438047986713,turn_left,turn_left,0.0,0.0,0.0,0.3250790518143149,False
oracle,front,88,23.98843818850752,10.894660940347698,-1.4,1.3504352989513333,0.6758510537891581,turn_left,turn_left,0.0,0.0,0.0,0.26994072698433386,False
oracle,front,89,24.237223712453382,10.46094932755069,-1.0499999999999998,0.8912361905874527,0.5064212587598368,turn_left,turn_left,0.0,0.0,0.0,0.21513007200882192,False
oracle,front,90,24.619644806095625,10.138840483931844,-0.6999999999999998,0.4049033878698267,0.35000000000000975,turn_left,turn_left,0.0,0.0,0.0,0.2,False
oracle,front,91,25.089331162519315,9.967391580204119,-0.34999999999999987,0.09509661213017363,3.141592653589756,turn_left,turn_left,0.0,0.0,0.0,0.2,False
oracle,front,92,25.589331162519315,9.967391580204119,1.1102230246251565e-16,0.590232605129496,3.086317783572286,turn_left,turn_left,0.0,0.0,0.0,0.9999999999999881,False
oracle,front,93,26.059017518943005,10.138840483931844,0.3500000000000001,1.0680799527219984,2.921952275630844,turn_left,turn_left,0.0,0.0,0.0,0.9824054624159034,False
oracle,front,94,26.441438612585248,10.46094932755069,0.7000000000000001,1.5133471367869034,2.751099852538749,turn_left,turn_left,0.0,0.0,0.0,0.9300862962905222,False
oracle,front,95,26.69022413653111,10.894660940347698,1.05,1.9124005411775449,2.578416278890398,turn_left,turn_left,0.0,0.0,0.0,0.8757022809418525,False
oracle,front,96,26.77520770798123,11.387385805341928,1.4,2.2530427824034427,2.4049721993964854,turn_left,turn_left,0.0,0.0,0.0,0.8207353922680357,False
oracle,front,97,26.686084680156483,11.879378778778896,1.75,2.5248655692497466,2.2311506948943447,turn_left,turn_left,0.0,0.0,0.0,0.765526427065076,False
oracle,front,98,26.433661627856555,12.310983462103334,2.1,2.7195643447624875,2.05712702795588,turn_left,turn_left,0.0,0.0,0.0,0.7101973237507043,False
oracle,front,99,26.0485460008329,12.629865813170586,2.45,2.831191076410431,1.8829977249821497,turn_left,turn_left,0.0,0.0,0.0,0.6548038701342358,False
intervention,left,0,15.0,10.0,0.35,10.0,1.2207963267948965,turn_left,turn_left,0.017857142857142856,0.0,-0.017857142857142856,0.01904761904761905,False
intervention,left,1,15.382421093642245,10.322108843618846,0.7,9.685443878709075,0.9102906993411986,turn_left,turn_left,0.3392857142857143,0.0975609756097561,-0.2417247386759582,0.22857142857142856,False
intervention,left,2,15.63120661758811,10.755820456415854,1.0499999999999998,9.265704356826124,0.5889720234757754,turn_left,turn_left,0.19642857142857142,0.24390243902439024,0.047473867595818814,0.24761904761904763,False
intervention,left,3,15.71619018903823,11.248545321410084,1.4,8.780711097530082,0.2524510659743704,turn_left,turn_left,0.4107142857142857,0.5853658536585366,0.17465156794425085,0.4666666666666667,False
intervention,left,4,15.627067161213484,11.740538294847052,1.75,8.283231306897108,-0.1034279717938762,turn_left,turn_left,0.39285714285714285,0.17073170731707318,-0.22212543554006967,0.2857142857142857,False
intervention,left,5,15.537944133388738,12.23253126828402,1.75,7.786074388858149,-0.11005804112354457,walk_forward,walk_forward,0.19642857142857142,0.24390243902439024,0.047473867595818814,0.24761904761904763,False
intervention,left,6,15.622927704838858,12.72525613327825,1.4,7.301365437496025,0.2562167736159482,turn_right,turn_right,0.4107142857142857,0.5853658536585366,0.17465156794425085,0.4666666666666667,False
intervention,left,7,15.533804677014112,13.217249106715219,1.75,6.803723768169725,-0.10066523350725243,turn_left,turn_left,0.39285714285714285,0.17073170731707318,-0.22212543554006967,0.2857142857142857,False
intervention,left,8,15.444681649189366,13.709242080152187,1.75,6.306455183005248,-0.10863297172403841,walk_forward,walk_forward,0.19642857142857142,0.24390243902439024,0.047473867595818814,0.24761904761904763,False
intervention,left,9,15.529665220639487,14.201966945146417,1.4,5.822175929249291,0.2618960404197159,turn_right,turn_right,0.4107142857142857,0.5853658536585366,0.17465156794425085,0.4666666666666667,False
intervention,left,10,15.44054219281474,14.693959918583385,1.75,5.3242970211333684,-0.0963671183708632,turn_left,turn_left,0.39285714285714285,0.17073170731707318,-0.22212543554006967,0.2857142857142857,False
intervention,left,11,15.351419164989995,15.185952892020353,1.75,4.826856636297526,-0.10633422883475219,walk_forward,walk_forward,0.19642857142857142,0.24390243902439024,0.047473867595818814,0.24761904761904763,False
intervention,left,12,15.436402736440115,15.678677757014583,1.4,4.343302116603557,0.2714433406723795,turn_right,turn_right,0.4107142857142857,0.5853658536585366,0.17465156794425085,0.4666666666666667,False
intervention,left,13,15.34727970861537,16.17067073045155,1.75,3.845044323624428,-0.08876164557709987,turn_left,turn_left,0.39285714285714285,0.17073170731707318,-0.22212543554006967,0.2857142857142857,False
intervention,left,14,15.258156680790623,16.66266370388852,1.75,3.347306144525763,-0.10200329795036978,walk_forward,walk_forward,0.19642857142857142,0.24390243902439024,0.047473867595818814,0.24761904761904763,False
intervention,left,15,15.343140252240744,17.15538856888275,1.4,2.8652328747853595,0.2908444528779852,turn_right,turn_right,0.4107142857142857,0.5853658536585366,0.17465156794425085,0.4666666666666667,False
intervention,left,16,15.254017224415998,17.647381542319717,1.75,2.3662921116628772,-0.07164821221219508,turn_left,turn_left,0.39285714285714285,0.17073170731707318,-0.22212543554006967,0.2857142857142857,False
intervention,left,17,15.164894196591252,18.139374515756685,1.75,1.8679179020195569,-0.09081161039696317,walk_forward,walk_forward,0.19642857142857142,0.24390243902439024,0.047473867595818814,0.24761904761904763,False
intervention,left,18,15.249877768041372,18.632099380750915,1.4,1.3905362286195089,0.351476641162761,turn_right,turn_right,0.4107142857142857,0.5853658536585366,0.17465156794425085,0.4666666666666667,False
intervention,left,19,15.160754740216627,19.124092354187884,1.75,0.8905370797974889,0.002305714330401054,turn_left,turn_left,0.39285714285714285,0.17073170731707318,-0.22212543554006967,0.2857142857142857,False
intervention,left,20,15.07163171239188,19.61608532762485,1.75,0.390540110468964,0.005257671855755319,walk_forward,walk_forward,0.19642857142857142,0.24390243902439024,0.047473867595818814,0.24761904761904763,False
intervention,left,21,15.156615283842001,20.10881019261908,1.4,0.190703972561434,2.348793855769681,turn_right,turn_right,0.4107142857142857,0.5853658536585366,0.17465156794425085,0.4666666666666667,False
intervention,left,22,15.067492256017255,20.60080316605605,1.75,0.6045822102619891,2.850521261878727,turn_left,turn_left,0.39285714285714285,0.17073170731707318,-0.22212543554006967,0.2857142857142857,False
intervention,left,23,14.815069203717327,21.032407849380487,2.1,1.0488400101427222,2.7896349445216457,turn_left,turn_left,0.19642857142857142,0.24390243902439024,0.047473867595818814,0.24761904761904763,False
intervention,left,24,14.429953576693674,21.35129020044774,2.45,1.466607694835407,2.661591449670728,turn_left,turn_left,0.4107142857142857,0.5853658536585366,0.17465156794425085,0.4666666666666667,False
intervention,left,25,13.958842406359345,21.51878427552569,2.8000000000000003,1.8413893695738803,2.513330841548905,turn_left,turn_left,0.39285714285714285,0.17073170731707318,-0.22212543554006967,0.2857142857142857,False
intervention,left,26,13.458860077123674,21.514580651842117,-3.1331853071795863,2.1608023539458068,2.3564785805838615,turn_left,turn_left,0.19642857142857142,0.24390243902439024,0.047473867595818814,0.24761904761904763,False
intervention,left,27,12.990631733478276,21.339189037997308,-2.7831853071795862,2.414743901534213,2.1953170195275655,turn_left,turn_left,0.4107142857142857,0.5853658536585366,0.17465156794425085,0.4666666666666667,False
intervention,left,28,12.610932203909522,21.013876469464723,-2.433185307179586,2.595301606682904,2.0318385469447175,turn_left,turn_left,0.39285714285714285,0.17073170731707318,-0.22212543554006967,0.2857142857142857,False
intervention,left,29,12.365801793239173,20.57808858325793,-2.083185307179586,2.6968846105451223,1.8671546783429933,turn_left,turn_left,0.19642857142857142,0.24390243902439024,0.047473867595818814,0.24761904761904763,False
intervention,left,30,12.28496368506233,20.084666654006313,-1.733185307179586,2.7163561316092095,1.7020110556774226,turn_left,turn_left,0.4107142857142857,0.5853658536585366,0.17465156794425085,0.4666666666666667,False
intervention,left,31,12.378219869773618,19.593440347694145,-1.3831853071795859,2.6531154897842124,1.5370300415713842,turn_left,turn_left,0.39285714285714285,0.17073170731707318,-0.22212543554006967,0.2857142857142857,False
intervention,left,32,12.634262608394538,19.163973100980847,-1.0331853071795858,2.509114262428835,1.3728765831163963,turn_left,turn_left,0.19642857142857142,0.24390243902439024,0.047473867595818814,0.24761904761904763,False
intervention,left,33,13.022045547649663,18.848339782044686,-0.6831853071795859,2.2888042889669276,1.2104496639421283,turn_left,turn_left,0.4107142857142857,0.5853658536585366,0.17465156794425085,0.4666666666666667,False
intervention,left,34,13.494548232316777,18.684812374609816,-0.33318530717958594,1.999025641356311,1.0512312397858392,turn_left,turn_left,0.39285714285714285,0.17073170731707318,-0.22212543554006967,0.2857142857142857,False
intervention,left,35,13.994477550508485,18.69321932485199,0.016814692820414038,1.6488635872538702,0.898138648457877,turn_left,turn_left,0.19642857142857142,0.24390243902439024,0.047473867595818814,0.24761904761904763,False
intervention,left,36,14.46121478556474,18.872541251598392,0.366814692820414,1.2495810244403398,0.7581895460446285,turn_left,turn_left,0.4107142857142857,0.5853658536585366,0.17465156794425085,0.4666666666666667,False
intervention,left,37,14.838165912736393,19.201034550957786,0.716814692820414,0.8151908123646091,0.6541309867464891,turn_left,turn_left,0.39285714285714285,0.17073170731707318,-0.22212543554006967,0.2857142857142857,False
intervention,left,38,15.079623883564361,19.63886790775423,1.0668146928204139,0.36980582862318345,0.7209936412073564,turn_left,turn_left,0.19642857142857142,0.24390243902439024,0.047473867595818814,0.24761904761904763,False
intervention,left,39,15.156310814583293,20.132952024692727,1.416814692820414,0.2052055350754168,2.429598151115168,turn_left,turn_left,0.4107142857142857,0.5853658536585366,0.17465156794425085,0.4666666666666667,False
intervention,left,40,15.058928064617712,20.623376942502926,1.766814692820414,0.6261559943367829,2.851323973188125,turn_left,turn_left,0.39285714285714285,0.17073170731707318,-0.22212543554006967,0.2857142857142857,False
intervention,left,41,14.799283737559369,21.050676396547065,2.116814692820414,1.069676543759496,2.784335255257725,turn_left,turn_left,0.19642857142857142,0.24390243902439024,0.047473867595818814,0.24761904761904763,False
intervention,left,42,14.408860895756494,21.36303837342416,2.466814692820414,1.4857048993634625,2.6547842057066093,turn_left,turn_left,0.4107142857142857,0.5853658536585366,0.17465156794425085,0.4666666666666667,False
intervention,left,43,13.935000094690938,21.522587554598836,2.8168146928204143,1.8580897878540674,2.505942513162679,turn_left,turn_left,0.39285714285714285,0.17073170731707318,-0.22212543554006967,0.2857142857142857,False
intervention,left,44,13.435159124075845,21.509977872027005,-3.1163706143591723,2.1745712545176064,2.3488132368492693,turn_left,turn_left,0.19642857142857142,0.24390243902439024,0.047473867595818814,0.24761904761904763,False
intervention,left,45,12.969945988023468,21.32673830740104,-2.766370614359172,2.425150269131253,2.1875050396424034,turn_left,turn_left,0.4107142857142857,0.5853658536585366,0.17465156794425085,0.4666666666666667,False
intervention,left,46,12.595769907307044,20.995087496125542,-2.416370614359172,2.6020225716845307,2.0239474923526553,turn_left,turn_left,0.39285714285714285,0.17073170731707318,-0.22212543554006967,0.2857142857142857,False
intervention,left,47,12.358001443309048,20.55523961613971,-2.066370614359172,2.699712467076456,1.8592261982142984,turn_left,turn_left,0.19642857142857142,0.24390243902439024,0.047473867595818814,0.24761904761904763,False
intervention,left,48,12.285471109914768,20.06052823489028,-1.716370614359172,2.715203631834322,1.6940764304033673,turn_left,turn_left,0.4107142857142857,0.5853658536585366,0.17465156794425085,0.4666666666666667,False
intervention,left,49,12.386973541824144,19.570939370314623,-1.3663706143591718,2.6480181825420064,1.5291189640138148,turn_left,turn_left,0.39285714285714285,0.17073170731707318,-0.22212543554006967,0.2857142857142857,False
intervention,left,50,12.650201104865058,19.14583791177144,-1.0163706143591718,2.5002295335717415,1.3650250050691146,turn_left,turn_left,0.19642857142857142,0.24390243902439024,0.047473867595818814,0.24761904761904763,False
intervention,left,51,13.043236252935579,18.836769355652926,-0.6663706143591718,2.276407233728997,1.202711486103282,turn_left,turn_left,0.4107142857142857,0.5853658536585366,0.17465156794425085,0.4666666666666667,False
intervention,left,52,13.518421676469416,18.681209678162364,-0.31637061435917185,1.983502518709848,1.0437032054837878,turn_left,turn_left,0.39285714285714285,0.17073170731707318,-0.22212543554006967,0.2857142857142857,False
intervention,left,53,14.018138969219917,18.698021201772935,0.033629385640828124,1.6307053304620425,0.8910279856597247,turn_left,turn_left,0.19642857142857142,0.24390243902439024,0.047473867595818814,0.24761904761904763,False
intervention,left,54,14.481795123581655,18.885165452345813,0.38362938564082805,1.2293869865046838,0.7520517585348135,turn_left,turn_left,0.4107142857142857,0.5853658536585366,0.17465156794425085,0.4666666666666667,False
intervention,left,55,14.85316970993349,19.219950333444114,0.733629385640828,0.7937484591323404,0.6511119686373206,turn_left,turn_left,0.39285714285714285,0.17073170731707318,-0.22212543554006967,0.2857142857142857,False
intervention,left,56,15.087231860899545,19.66178164682643,1.083629385640828,0.3492864898323998,0.7395817919174361,turn_left,turn_left,0.19642857142857142,0.24390243902439024,0.047473867595818814,0.24761904761904763,False
intervention,left,57,15.155600470003462,20.157085324673865,1.433629385640828,0.2211047387397922,2.4981101072841847,turn_left,turn_left,0.4107142857142857,0.5853658536585366,0.17465156794425085,0.4666666666666667,False
intervention,left,58,15.049985530652503,20.645803530377208,1.783629385640828,0.6477350948669351,2.8515130838125926,turn_left,turn_left,0.39285714285714285,0.17073170731707318,-0.22212543554006967,0.2857142857142857,False
intervention,left,59,14.783193337357943,21.068676945948674,2.133629385640828,1.090447405319565,2.778916989058269,turn_left,turn_left,0.19642857142857142,0.24390243902439024,0.047473867595818814,0.24761904761904763,False
intervention,left,60,14.387573663945677,21.374430235398144,2.4836293856408282,1.5047007971917608,2.64793645341257,turn_left,turn_left,0.4107142857142857,0.5853658536585366,0.17465156794425085,0.4666666666666667,False
intervention,left,61,13.911097205502086,21.525989413770994,2.8336293856408283,1.874660765793776,2.498536099283612,turn_left,turn_left,0.39285714285714285,0.17073170731707318,-0.22212543554006967,0.2857142857142857,False
intervention,left,62,13.41153891216222,21.504977237411573,-3.0995559215387583,2.1881876319689213,2.34113860691228,turn_left,turn_left,0.19642857142857142,0.24390243902439024,0.047473867595818814,0.24761904761904763,False
intervention,left,63,12.949472512125656,21.31394152881957,-2.749555921538758,2.4353860719986424,2.1796880134695567,turn_left,turn_left,0.4107142857142857,0.5853658536585366,0.17465156794425085,0.4666666666666667,False
intervention,left,64,12.580925670029583,20.976046241517405,-2.399555921538758,2.608560307813886,2.0160538135699597,turn_left,turn_left,0.39285714285714285,0.17073170731707318,-0.22212543554006967,0.2857142857142857,False
intervention,left,65,12.350586376323902,20.532262724726653,-2.049555921538758,2.7023501174818105,1.8512967495777943,turn_left,turn_left,0.19642857142857142,0.24390243902439024,0.047473867595818814,0.24761904761904763,False
intervention,left,66,12.286384324012666,20.03640175985946,-1.699555921538758,2.7138598204559248,1.6861422399561634,turn_left,turn_left,0.4107142857142857,0.5853658536585366,0.17465156794425085,0.4666666666666667,False
intervention,left,67,12.396104305618396,19.54858875712538,-1.3495559215387578,2.6427343599788204,1.5212098358885728,turn_left,turn_left,0.39285714285714285,0.17073170731707318,-0.22212543554006967,0.2857142857142857,False
intervention,left,68,12.666442271478711,19.1279732745115,-0.9995559215387578,2.4911688586500174,1.3571774305596422,turn_left,turn_left,0.19642857142857142,0.24390243902439024,0.047473867595818814,0.24761904761904763,False
intervention,left,69,13.064618506624674,18.82555686330836,-0.6495559215387579,2.2638503056124986,1.1949806843810822,turn_left,turn_left,0.4107142857142857,0.5853658536585366,0.17465156794425085,0.4666666666666667,False
intervention,left,70,13.542352321165195,18.678008896719312,-0.2995559215387579,1.967840753914245,1.0361891058745234,turn_left,turn_left,0.39285714285714285,0.17073170731707318,-0.22212543554006967,0.2857142857142857,False
intervention,left,71,14.041716304786945,18.70322024062272,0.0504440784612421,1.6124346141291384,0.8839466182385296,turn_left,turn_left,0.19642857142857142,0.24390243902439024,0.047473867595818814,0.24761904761904763,False
intervention,left,72,14.5021602902325,18.89813390424591,0.40044407846124214,1.2091125959122877,0.7459899322284185,turn_left,turn_left,0.4107142857142857,0.5853658536585366,0.17465156794425085,0.4666666666666667,False
intervention,left,73,14.867853338055248,19.23911571427998,0.7504440784612421,0.7722743272431157,0.6483923914538414,turn_left,turn_left,0.39285714285714285,0.17073170731707318,-0.22212543554006967,0.2857142857142857,False
intervention,left,74,15.094453493415056,19.684820066503413,1.100444078461242,0.32902865057198466,0.7615165189219231,turn_left,turn_left,0.19642857142857142,0.24390243902439024,0.047473867595818814,0.24761904761904763,False
intervention,left,75,15.15448445093627,20.181203269421367,1.450444078461242,0.2381177658850201,2.5559735597445346,turn_left,turn_left,0.4107142857142857,0.5853658536585366,0.17465156794425085,0.4666666666666667,False
intervention,left,76,15.040667182419517,20.668076589071752,1.800444078461242,0.6693131917060124,2.851147884031032,turn_left,turn_left,0.39285714285714285,0.17073170731707318,-0.22212543554006967,0.2857142857142857,False
intervention,left,77,14.766802552307382,21.08640440833978,2.150444078461242,1.11115056948663,2.773387154236376,turn_left,turn_left,0.19642857142857142,0.24390243902439024,0.047473867595818814,0.24761904761904763,False
intervention,left,78,14.366097899741375,21.385462565580067,2.5004440784612423,1.5235939069634,2.6410499168209625,turn_left,turn_left,0.4107142857142857,0.5853658536585366,0.17465156794425085,0.4666666666666667,False
intervention,left,79,13.887140496790517,21.52898889124393,2.8504440784612424,1.8911010822880412,2.4911122129967738,turn_left,turn_left,0.39285714285714285,0.17073170731707318,-0.22212543554006967,0.2857142857142857,False
intervention,left,80,13.388006119459957,21.4995801618114,-3.082741228718344,2.2016505019182437,2.333454964911786,turn_left,turn_left,0.19642857142857142,0.24390243902439024,0.047473867595818814,0.24761904761904763,False
intervention,left,81,12.929217094194028,21.300802320250682,-2.732741228718344,2.445450575936423,2.171866086897813,turn_left,turn_left,0.4107142857142857,0.5853658536585366,0.17465156794425085,0.4666666666666667,False
intervention,left,82,12.566403688947265,20.956758089121532,-2.382741228718344,2.6149143477882726,2.0081576023568513,turn_left,turn_left,0.39285714285714285,0.17073170731707318,-0.22212543554006967,0.2857142857142857,False
intervention,left,83,12.343558688725098,20.509164405211692,-2.032741228718344,2.704797373516637,1.8433664025133067,turn_left,turn_left,0.19642857142857142,0.24390243902439024,0.047473867595818814,0.24761904761904763,False
intervention,left,84,12.28770306916552,20.012294050125362,-1.6827412287183439,2.712324793361338,1.6782085517127137,turn_left,turn_left,0.4107142857142857,0.5853658536585366,0.17465156794425085,0.4666666666666667,False
intervention,left,85,12.405609579640782,19.52639482725343,-1.3327412287183438,2.637264399506426,1.5133027393123064,turn_left,turn_left,0.39285714285714285,0.17073170731707318,-0.22212543554006967,0.2857142857142857,False
intervention,left,86,12.68298151641539,19.11038424002048,-0.9827412287183438,2.481932886618142,1.3493339826524569,turn_left,turn_left,0.19642857142857142,0.24390243902439024,0.047473867595818814,0.24761904761904763,False
intervention,left,87,13.086186263371518,18.81470547508792,-0.6327412287183438,2.251134409424375,1.1872574780284073,turn_left,turn_left,0.4107142857142857,0.5853658536585366,0.17465156794425085,0.4666666666666667,False
intervention,left,88,13.566333400559149,18.675210935228744,-0.28274122871834384,1.9520414914877688,1.028689402716204,turn_left,turn_left,0.39285714285714285,0.17073170731707318,-0.22212543554006967,0.2857142857142857,False
intervention,left,89,14.065202891254714,18.70881497149148,0.06725877128165612,1.5940528260892393,0.8768957394431632,turn_left,turn_left,0.19642857142857142,0.24390243902439024,0.047473867595818814,0.24761904761904763,False
intervention,left,90,14.52230452773005,18.911442940764157,0.4172587712816561,1.1887596205454645,0.7400082671975133,turn_left,turn_left,0.4107142857142857,0.5853658536585366,0.17465156794425085,0.4666666666666667,False
intervention,left,91,14.882212645640111,19.258525274890278,0.7672587712816561,0.7507720218705806,0.6459984030201325,turn_left,turn_left,0.39285714285714285,0.17073170731707318,-0.22212543554006967,0.2857142857142857,False
intervention,left,92,15.101286739358713,19.70797665319651,1.117258771281656,0.30909001706336436,0.7873986235205761,turn_left,turn_left,0.19642857142857142,0.24390243902439024,0.047473867595818814,0.24761904761904763,False
intervention,left,93,15.152963072910698,20.20529904013543,1.467258771281656,0.25601835394129857,2.604788901497487,turn_left,turn_left,0.4107142857142857,0.5853658536585366,0.17465156794425085,0.4666666666666667,False
intervention,left,94,15.030975654469565,20.690189821386287,1.8172587712816561,0.6908845639577228,2.850280398961099,turn_left,turn_left,0.39285714285714285,0.17073170731707318,-0.22212543554006967,0.2857142857142857,False
intervention,left,95,14.750116016528988,21.103853771683976,2.1672587712816562,1.1317840582267806,2.7677522225036184,turn_left,turn_left,0.19642857142857142,0.24390243902439024,0.047473867595818814,0.24761904761904763,False
intervention,left,96,14.34443967492698,21.396132244829726,2.5172587712816563,1.5423827621129373,2.6341262252855806,turn_left,turn_left,0.4107142857142857,0.5853658536585366,0.17465156794425085,0.4666666666666667,False
intervention,left,97,13.863136741770196,21.531585138983658,2.8672587712816564,1.907409527570961,2.483671441446998,turn_left,turn_left,0.39285714285714285,0.17073170731707318,-0.22212543554006967,0.2857142857142857,False
intervention,left,98,13.36456739933043,21.493788171126727,-3.06592653589793,2.2149588916119796,2.325762575804498,turn_left,turn_left,0.19642857142857142,0.24390243902439024,0.047473867595818814,0.24761904761904763,False
intervention,left,99,12.909185460986857,21.287324396506456,-2.71592653589793,2.4553430592056693,2.1640394020429063,turn_left,turn_left,0.4107142857142857,0.5853658536585366,0.17465156794425085,0.4666666666666667,False
intervention,right,0,15.46968635642369,9.828551096272275,-0.35,9.839767371510645,-1.2685479538457844,turn_right,turn_right,0.017857142857142856,0.17073170731707318,0.15287456445993033,0.0761904761904762,False
intervention,right,1,15.852107450065935,9.506442252653429,-0.7,9.544555066083085,-0.9601921609326853,turn_right,turn_right,0.25,0.5121951219512195,0.2621951219512195,0.34285714285714286,False
intervention,right,2,16.1008929740118,9.07273063985642,-1.0499999999999998,9.139278232093497,-0.6415468719894462,turn_right,turn_right,0.32142857142857145,0.21951219512195122,-0.10191637630662023,0.29523809523809524,False
intervention,right,3,16.18587654546192,8.58000577486219,-1.4,8.661570427915784,-0.30814013045208055,turn_right,turn_right,0.2857142857142857,0.2682926829268293,-0.017421602787456414,0.2761904761904762,False
intervention,right,4,16.096753517637172,8.088012801425222,-1.75,8.16203524584817,0.04442342694368717,turn_right,turn_right,0.39285714285714285,0.5121951219512195,0.11933797909407667,0.42857142857142855,False
intervention,right,5,16.181737089087292,7.595287936430992,-1.4,7.686670370519258,-0.32514696425957257,turn_left,turn_left,0.32142857142857145,0.21951219512195122,-0.10191637630662023,0.29523809523809524,False
intervention,right,6,16.092614061262545,7.103294962994024,-1.75,7.186835521852779,0.026581925292304964,turn_right,turn_right,0.2857142857142857,0.2682926829268293,-0.017421602787456414,0.2761904761904762,False
intervention,right,7,15.840191008962616,6.671690279669587,-2.1,6.724386374932606,0.4039293950489369,turn_right,turn_right,0.39285714285714285,0.5121951219512195,0.11933797909407667,0.42857142857142855,False
intervention,right,8,15.75106798113787,6.179697306232619,-1.75,6.2251716369068255,0.05825886813006287,turn_left,turn_left,0.32142857142857145,0.1951219512195122,-0.12630662020905925,0.2857142857142857,False
intervention,right,9,15.661944953313125,5.687704332795651,-1.75,5.726093930291323,0.06334315152280268,walk_forward,walk_forward,0.2857142857142857,0.2926829268292683,0.006968641114982577,0.2857142857142857,False
intervention,right,10,15.409521901013196,5.2560996494712136,-2.1,5.2720291835858495,0.4514471120727901,turn_right,turn_right,0.39285714285714285,0.5121951219512195,0.11933797909407667,0.42857142857142855,False
intervention,right,11,15.32039887318845,4.764106676034245,-1.75,4.774868360339842,0.11205212616303983,turn_left,turn_left,0.32142857142857145,0.1951219512195122,-0.12630662020905925,0.2857142857142857,False
intervention,right,12,15.231275845363704,4.272113702597277,-1.75,4.27836931605584,0.12512030308132704,walk_forward,walk_forward,0.2857142857142857,0.2926829268292683,0.006968641114982577,0.2857142857142857,False
intervention,right,13,14.978852793063776,3.8405090192728406,-2.1,3.840567240848315,0.5347099727884621,turn_right,turn_right,0.39285714285714285,0.5121951219512195,0.11933797909407667,0.42857142857142855,False
intervention,right,14,14.88972976523903,3.348516045835872,-1.75,3.3503312125660867,0.21212285235961345,turn_left,turn_left,0.32142857142857145,0.1951219512195122,-0.12630662020905925,0.2857142857142857,False
intervention,right,15,14.97471333668915,2.855791180841642,-1.4,2.855903129294531,-0.16194203707465293,turn_left,turn_left,0.2857142857142857,0.2926829268292683,0.006968641114982577,0.2857142857142857,False
intervention,right,16,14.885590308864405,2.3637982074046735,-1.75,2.3665653472396,0.2275667170775797,turn_right,turn_right,0.39285714285714285,0.5121951219512195,0.11933797909407667,0.42857142857142855,False
intervention,right,17,14.970573880314525,1.8710733424104435,-1.4,1.87130471842475,-0.15507075722538577,turn_left,turn_left,0.32142857142857145,0.1951219512195122,-0.12630662020905925,0.2857142857142857,False
intervention,right,18,14.88145085248978,1.379080368973475,-1.75,1.3841663788950431,0.26495533058525544,turn_right,turn_right,0.2857142857142857,0.2926829268292683,0.006968641114982577,0.2857142857142857,False
intervention,right,19,14.9664344239399,0.8863555039792449,-1.4,0.8869908270836557,-0.13294521118706992,turn_left,turn_left,0.39285714285714285,0.5121951219512195,0.11933797909407667,0.42857142857142855,False
intervention,right,20,15.215219947885764,0.45264389118223647,-1.0499999999999998,0.5012046669700385,-0.9646305162335942,turn_left,turn_left,0.32142857142857145,0.1951219512195122,-0.12630662020905925,0.2857142857142857,False
intervention,right,21,15.215219947885764,0.45264389118223647,-1.0499999999999998,0.5012046669700385,-0.9646305162335942,turn_right,rest,0.2857142857142857,0.2926829268292683,0.006968641114982577,0.0,True
intervention,right,22,15.215219947885764,0.45264389118223647,-1.0499999999999998,0.5012046669700385,-0.9646305162335942,turn_right,rest,0.39285714285714285,0.5121951219512195,0.11933797909407667,0.0,True
intervention,right,23,15.215219947885764,0.45264389118223647,-1.0499999999999998,0.5012046669700385,-0.9646305162335942,turn_right,rest,0.32142857142857145,0.1951219512195122,-0.12630662020905925,0.0,True
intervention,right,24,15.215219947885764,0.45264389118223647,-1.0499999999999998,0.5012046669700385,-0.9646305162335942,turn_right,rest,0.2857142857142857,0.2926829268292683,0.006968641114982577,0.0,True
intervention,right,25,15.215219947885764,0.45264389118223647,-1.0499999999999998,0.5012046669700385,-0.9646305162335942,turn_right,rest,0.39285714285714285,0.5121951219512195,0.11933797909407667,0.0,True
intervention,right,26,15.215219947885764,0.45264389118223647,-1.0499999999999998,0.5012046669700385,-0.9646305162335942,turn_right,rest,0.32142857142857145,0.1951219512195122,-0.12630662020905925,0.0,True
intervention,right,27,15.215219947885764,0.45264389118223647,-1.0499999999999998,0.5012046669700385,-0.9646305162335942,turn_right,rest,0.2857142857142857,0.2926829268292683,0.006968641114982577,0.0,True
intervention,right,28,15.215219947885764,0.45264389118223647,-1.0499999999999998,0.5012046669700385,-0.9646305162335942,turn_right,rest,0.39285714285714285,0.5121951219512195,0.11933797909407667,0.0,True
intervention,right,29,15.215219947885764,0.45264389118223647,-1.0499999999999998,0.5012046669700385,-0.9646305162335942,turn_right,rest,0.32142857142857145,0.1951219512195122,-0.12630662020905925,0.0,True
intervention,right,30,15.215219947885764,0.45264389118223647,-1.0499999999999998,0.5012046669700385,-0.9646305162335942,turn_right,rest,0.2857142857142857,0.2926829268292683,0.006968641114982577,0.0,True
intervention,right,31,15.215219947885764,0.45264389118223647,-1.0499999999999998,0.5012046669700385,-0.9646305162335942,turn_right,rest,0.39285714285714285,0.5121951219512195,0.11933797909407667,0.0,True
intervention,right,32,15.215219947885764,0.45264389118223647,-1.0499999999999998,0.5012046669700385,-0.9646305162335942,turn_right,rest,0.32142857142857145,0.1951219512195122,-0.12630662020905925,0.0,True
intervention,right,33,15.215219947885764,0.45264389118223647,-1.0499999999999998,0.5012046669700385,-0.9646305162335942,turn_right,rest,0.2857142857142857,0.2926829268292683,0.006968641114982577,0.0,True
intervention,right,34,15.215219947885764,0.45264389118223647,-1.0499999999999998,0.5012046669700385,-0.9646305162335942,turn_right,rest,0.39285714285714285,0.5121951219512195,0.11933797909407667,0.0,True
intervention,right,35,15.215219947885764,0.45264389118223647,-1.0499999999999998,0.5012046669700385,-0.9646305162335942,turn_right,rest,0.32142857142857145,0.1951219512195122,-0.12630662020905925,0.0,True
intervention,right,36,15.215219947885764,0.45264389118223647,-1.0499999999999998,0.5012046669700385,-0.9646305162335942,turn_right,rest,0.2857142857142857,0.2926829268292683,0.006968641114982577,0.0,True
intervention,right,37,15.215219947885764,0.45264389118223647,-1.0499999999999998,0.5012046669700385,-0.9646305162335942,turn_right,rest,0.39285714285714285,0.5121951219512195,0.11933797909407667,0.0,True
intervention,right,38,15.215219947885764,0.45264389118223647,-1.0499999999999998,0.5012046669700385,-0.9646305162335942,turn_right,rest,0.32142857142857145,0.1951219512195122,-0.12630662020905925,0.0,True
intervention,right,39,15.215219947885764,0.45264389118223647,-1.0499999999999998,0.5012046669700385,-0.9646305162335942,turn_right,rest,0.2857142857142857,0.2926829268292683,0.006968641114982577,0.0,True
intervention,right,40,15.215219947885764,0.45264389118223647,-1.0499999999999998,0.5012046669700385,-0.9646305162335942,turn_right,rest,0.39285714285714285,0.5121951219512195,0.11933797909407667,0.0,True
intervention,right,41,15.215219947885764,0.45264389118223647,-1.0499999999999998,0.5012046669700385,-0.9646305162335942,turn_right,rest,0.32142857142857145,0.1951219512195122,-0.12630662020905925,0.0,True
intervention,right,42,15.215219947885764,0.45264389118223647,-1.0499999999999998,0.5012046669700385,-0.9646305162335942,turn_right,rest,0.2857142857142857,0.2926829268292683,0.006968641114982577,0.0,True
intervention,right,43,15.215219947885764,0.45264389118223647,-1.0499999999999998,0.5012046669700385,-0.9646305162335942,turn_right,rest,0.39285714285714285,0.5121951219512195,0.11933797909407667,0.0,True
intervention,right,44,15.215219947885764,0.45264389118223647,-1.0499999999999998,0.5012046669700385,-0.9646305162335942,turn_right,rest,0.32142857142857145,0.1951219512195122,-0.12630662020905925,0.0,True
intervention,right,45,15.215219947885764,0.45264389118223647,-1.0499999999999998,0.5012046669700385,-0.9646305162335942,turn_right,rest,0.2857142857142857,0.2926829268292683,0.006968641114982577,0.0,True
intervention,right,46,15.215219947885764,0.45264389118223647,-1.0499999999999998,0.5012046669700385,-0.9646305162335942,turn_right,rest,0.39285714285714285,0.5121951219512195,0.11933797909407667,0.0,True
intervention,right,47,15.215219947885764,0.45264389118223647,-1.0499999999999998,0.5012046669700385,-0.9646305162335942,turn_right,rest,0.32142857142857145,0.1951219512195122,-0.12630662020905925,0.0,True
intervention,right,48,15.215219947885764,0.45264389118223647,-1.0499999999999998,0.5012046669700385,-0.9646305162335942,turn_right,rest,0.2857142857142857,0.2926829268292683,0.006968641114982577,0.0,True
intervention,right,49,15.215219947885764,0.45264389118223647,-1.0499999999999998,0.5012046669700385,-0.9646305162335942,turn_right,rest,0.39285714285714285,0.5121951219512195,0.11933797909407667,0.0,True
intervention,right,50,15.215219947885764,0.45264389118223647,-1.0499999999999998,0.5012046669700385,-0.9646305162335942,turn_right,rest,0.32142857142857145,0.1951219512195122,-0.12630662020905925,0.0,True
intervention,right,51,15.215219947885764,0.45264389118223647,-1.0499999999999998,0.5012046669700385,-0.9646305162335942,turn_right,rest,0.2857142857142857,0.2926829268292683,0.006968641114982577,0.0,True
intervention,right,52,15.215219947885764,0.45264389118223647,-1.0499999999999998,0.5012046669700385,-0.9646305162335942,turn_right,rest,0.39285714285714285,0.5121951219512195,0.11933797909407667,0.0,True
intervention,right,53,15.215219947885764,0.45264389118223647,-1.0499999999999998,0.5012046669700385,-0.9646305162335942,turn_right,rest,0.32142857142857145,0.1951219512195122,-0.12630662020905925,0.0,True
intervention,right,54,15.215219947885764,0.45264389118223647,-1.0499999999999998,0.5012046669700385,-0.9646305162335942,turn_right,rest,0.2857142857142857,0.2926829268292683,0.006968641114982577,0.0,True
intervention,right,55,15.215219947885764,0.45264389118223647,-1.0499999999999998,0.5012046669700385,-0.9646305162335942,turn_right,rest,0.39285714285714285,0.5121951219512195,0.11933797909407667,0.0,True
intervention,right,56,15.215219947885764,0.45264389118223647,-1.0499999999999998,0.5012046669700385,-0.9646305162335942,turn_right,rest,0.32142857142857145,0.1951219512195122,-0.12630662020905925,0.0,True
intervention,right,57,15.215219947885764,0.45264389118223647,-1.0499999999999998,0.5012046669700385,-0.9646305162335942,turn_right,rest,0.2857142857142857,0.2926829268292683,0.006968641114982577,0.0,True
intervention,right,58,15.215219947885764,0.45264389118223647,-1.0499999999999998,0.5012046669700385,-0.9646305162335942,turn_right,rest,0.39285714285714285,0.5121951219512195,0.11933797909407667,0.0,True
intervention,right,59,15.215219947885764,0.45264389118223647,-1.0499999999999998,0.5012046669700385,-0.9646305162335942,turn_right,rest,0.32142857142857145,0.1951219512195122,-0.12630662020905925,0.0,True
intervention,right,60,15.215219947885764,0.45264389118223647,-1.0499999999999998,0.5012046669700385,-0.9646305162335942,turn_right,rest,0.2857142857142857,0.2926829268292683,0.006968641114982577,0.0,True
intervention,right,61,15.215219947885764,0.45264389118223647,-1.0499999999999998,0.5012046669700385,-0.9646305162335942,turn_right,rest,0.39285714285714285,0.5121951219512195,0.11933797909407667,0.0,True
intervention,right,62,15.215219947885764,0.45264389118223647,-1.0499999999999998,0.5012046669700385,-0.9646305162335942,turn_right,rest,0.32142857142857145,0.1951219512195122,-0.12630662020905925,0.0,True
intervention,right,63,15.215219947885764,0.45264389118223647,-1.0499999999999998,0.5012046669700385,-0.9646305162335942,turn_right,rest,0.2857142857142857,0.2926829268292683,0.006968641114982577,0.0,True
intervention,right,64,15.215219947885764,0.45264389118223647,-1.0499999999999998,0.5012046669700385,-0.9646305162335942,turn_right,rest,0.39285714285714285,0.5121951219512195,0.11933797909407667,0.0,True
intervention,right,65,15.215219947885764,0.45264389118223647,-1.0499999999999998,0.5012046669700385,-0.9646305162335942,turn_right,rest,0.32142857142857145,0.1951219512195122,-0.12630662020905925,0.0,True
intervention,right,66,15.215219947885764,0.45264389118223647,-1.0499999999999998,0.5012046669700385,-0.9646305162335942,turn_right,rest,0.2857142857142857,0.2926829268292683,0.006968641114982577,0.0,True
intervention,right,67,15.215219947885764,0.45264389118223647,-1.0499999999999998,0.5012046669700385,-0.9646305162335942,turn_right,rest,0.39285714285714285,0.5121951219512195,0.11933797909407667,0.0,True
intervention,right,68,15.215219947885764,0.45264389118223647,-1.0499999999999998,0.5012046669700385,-0.9646305162335942,turn_right,rest,0.32142857142857145,0.1951219512195122,-0.12630662020905925,0.0,True
intervention,right,69,15.215219947885764,0.45264389118223647,-1.0499999999999998,0.5012046669700385,-0.9646305162335942,turn_right,rest,0.2857142857142857,0.2926829268292683,0.006968641114982577,0.0,True
intervention,right,70,15.215219947885764,0.45264389118223647,-1.0499999999999998,0.5012046669700385,-0.9646305162335942,turn_right,rest,0.39285714285714285,0.5121951219512195,0.11933797909407667,0.0,True
intervention,right,71,15.215219947885764,0.45264389118223647,-1.0499999999999998,0.5012046669700385,-0.9646305162335942,turn_right,rest,0.32142857142857145,0.1951219512195122,-0.12630662020905925,0.0,True
intervention,right,72,15.215219947885764,0.45264389118223647,-1.0499999999999998,0.5012046669700385,-0.9646305162335942,turn_right,rest,0.2857142857142857,0.2926829268292683,0.006968641114982577,0.0,True
intervention,right,73,15.215219947885764,0.45264389118223647,-1.0499999999999998,0.5012046669700385,-0.9646305162335942,turn_right,rest,0.39285714285714285,0.5121951219512195,0.11933797909407667,0.0,True
intervention,right,74,15.215219947885764,0.45264389118223647,-1.0499999999999998,0.5012046669700385,-0.9646305162335942,turn_right,rest,0.32142857142857145,0.1951219512195122,-0.12630662020905925,0.0,True
intervention,right,75,15.215219947885764,0.45264389118223647,-1.0499999999999998,0.5012046669700385,-0.9646305162335942,turn_right,rest,0.2857142857142857,0.2926829268292683,0.006968641114982577,0.0,True
intervention,right,76,15.215219947885764,0.45264389118223647,-1.0499999999999998,0.5012046669700385,-0.9646305162335942,turn_right,rest,0.39285714285714285,0.5121951219512195,0.11933797909407667,0.0,True
intervention,right,77,15.215219947885764,0.45264389118223647,-1.0499999999999998,0.5012046669700385,-0.9646305162335942,turn_right,rest,0.32142857142857145,0.1951219512195122,-0.12630662020905925,0.0,True
intervention,right,78,15.215219947885764,0.45264389118223647,-1.0499999999999998,0.5012046669700385,-0.9646305162335942,turn_right,rest,0.2857142857142857,0.2926829268292683,0.006968641114982577,0.0,True
intervention,right,79,15.215219947885764,0.45264389118223647,-1.0499999999999998,0.5012046669700385,-0.9646305162335942,turn_right,rest,0.39285714285714285,0.5121951219512195,0.11933797909407667,0.0,True
intervention,right,80,15.215219947885764,0.45264389118223647,-1.0499999999999998,0.5012046669700385,-0.9646305162335942,turn_right,rest,0.32142857142857145,0.1951219512195122,-0.12630662020905925,0.0,True
intervention,right,81,15.215219947885764,0.45264389118223647,-1.0499999999999998,0.5012046669700385,-0.9646305162335942,turn_right,rest,0.2857142857142857,0.2926829268292683,0.006968641114982577,0.0,True
intervention,right,82,15.215219947885764,0.45264389118223647,-1.0499999999999998,0.5012046669700385,-0.9646305162335942,turn_right,rest,0.39285714285714285,0.5121951219512195,0.11933797909407667,0.0,True
intervention,right,83,15.215219947885764,0.45264389118223647,-1.0499999999999998,0.5012046669700385,-0.9646305162335942,turn_right,rest,0.32142857142857145,0.1951219512195122,-0.12630662020905925,0.0,True
intervention,right,84,15.215219947885764,0.45264389118223647,-1.0499999999999998,0.5012046669700385,-0.9646305162335942,turn_right,rest,0.2857142857142857,0.2926829268292683,0.006968641114982577,0.0,True
intervention,right,85,15.215219947885764,0.45264389118223647,-1.0499999999999998,0.5012046669700385,-0.9646305162335942,turn_right,rest,0.39285714285714285,0.5121951219512195,0.11933797909407667,0.0,True
intervention,right,86,15.215219947885764,0.45264389118223647,-1.0499999999999998,0.5012046669700385,-0.9646305162335942,turn_right,rest,0.32142857142857145,0.1951219512195122,-0.12630662020905925,0.0,True
intervention,right,87,15.215219947885764,0.45264389118223647,-1.0499999999999998,0.5012046669700385,-0.9646305162335942,turn_right,rest,0.2857142857142857,0.2926829268292683,0.006968641114982577,0.0,True
intervention,right,88,15.215219947885764,0.45264389118223647,-1.0499999999999998,0.5012046669700385,-0.9646305162335942,turn_right,rest,0.39285714285714285,0.5121951219512195,0.11933797909407667,0.0,True
intervention,right,89,15.215219947885764,0.45264389118223647,-1.0499999999999998,0.5012046669700385,-0.9646305162335942,turn_right,rest,0.32142857142857145,0.1951219512195122,-0.12630662020905925,0.0,True
intervention,right,90,15.215219947885764,0.45264389118223647,-1.0499999999999998,0.5012046669700385,-0.9646305162335942,turn_right,rest,0.2857142857142857,0.2926829268292683,0.006968641114982577,0.0,True
intervention,right,91,15.215219947885764,0.45264389118223647,-1.0499999999999998,0.5012046669700385,-0.9646305162335942,turn_right,rest,0.39285714285714285,0.5121951219512195,0.11933797909407667,0.0,True
intervention,right,92,15.215219947885764,0.45264389118223647,-1.0499999999999998,0.5012046669700385,-0.9646305162335942,turn_right,rest,0.32142857142857145,0.1951219512195122,-0.12630662020905925,0.0,True
intervention,right,93,15.215219947885764,0.45264389118223647,-1.0499999999999998,0.5012046669700385,-0.9646305162335942,turn_right,rest,0.2857142857142857,0.2926829268292683,0.006968641114982577,0.0,True
intervention,right,94,15.215219947885764,0.45264389118223647,-1.0499999999999998,0.5012046669700385,-0.9646305162335942,turn_right,rest,0.39285714285714285,0.5121951219512195,0.11933797909407667,0.0,True
intervention,right,95,15.215219947885764,0.45264389118223647,-1.0499999999999998,0.5012046669700385,-0.9646305162335942,turn_right,rest,0.32142857142857145,0.1951219512195122,-0.12630662020905925,0.0,True
intervention,right,96,15.215219947885764,0.45264389118223647,-1.0499999999999998,0.5012046669700385,-0.9646305162335942,turn_right,rest,0.2857142857142857,0.2926829268292683,0.006968641114982577,0.0,True
intervention,right,97,15.215219947885764,0.45264389118223647,-1.0499999999999998,0.5012046669700385,-0.9646305162335942,turn_right,rest,0.39285714285714285,0.5121951219512195,0.11933797909407667,0.0,True
intervention,right,98,15.215219947885764,0.45264389118223647,-1.0499999999999998,0.5012046669700385,-0.9646305162335942,turn_right,rest,0.32142857142857145,0.1951219512195122,-0.12630662020905925,0.0,True
intervention,right,99,15.215219947885764,0.45264389118223647,-1.0499999999999998,0.5012046669700385,-0.9646305162335942,turn_right,rest,0.2857142857142857,0.2926829268292683,0.006968641114982577,0.0,True
intervention,front,0,15.46968635642369,9.828551096272275,-0.35,9.531855688769433,0.36798790870129444,turn_right,turn_right,0.03571428571428571,0.17073170731707318,0.13501742160278746,0.09523809523809523,False
intervention,front,1,15.96968635642369,9.828551096272275,0.0,9.031941055385044,0.01898364934754674,turn_left,turn_left,0.5714285714285714,0.5609756097560976,-0.010452961672473782,0.5428571428571428,False
intervention,front,2,16.46968635642369,9.828551096272275,0.0,8.532036426573294,0.020096075040325775,walk_forward,walk_forward,0.2857142857142857,0.21951219512195122,-0.06620209059233448,0.2857142857142857,False
intervention,front,3,16.96968635642369,9.828551096272275,0.0,8.032143670328443,0.021346969477234988,walk_forward,walk_forward,0.14285714285714285,0.21951219512195122,0.07665505226480837,0.17142857142857143,False
intervention,front,4,17.46968635642369,9.828551096272275,0.0,7.5322651504856735,0.022763897516302537,walk_forward,walk_forward,0.5714285714285714,0.5609756097560976,-0.010452961672473782,0.5428571428571428,False
intervention,front,5,17.96968635642369,9.828551096272275,0.0,7.032403902908638,0.024382258875685934,walk_forward,walk_forward,0.2857142857142857,0.21951219512195122,-0.06620209059233448,0.2857142857142857,False
intervention,front,6,18.46968635642369,9.828551096272275,0.0,6.532563892536248,0.026248284041598742,walk_forward,walk_forward,0.14285714285714285,0.21951219512195122,0.07665505226480837,0.17142857142857143,False
intervention,front,7,18.96968635642369,9.828551096272275,0.0,6.0327503981593695,0.028423518308988975,walk_forward,walk_forward,0.5714285714285714,0.5609756097560976,-0.010452961672473782,0.5428571428571428,False
intervention,front,8,19.46968635642369,9.828551096272275,0.0,5.532970605643565,0.030991733877169397,walk_forward,walk_forward,0.2857142857142857,0.21951219512195122,-0.06620209059233448,0.2857142857142857,False
intervention,front,9,19.96968635642369,9.828551096272275,0.0,5.0332345543735,0.03406995539858536,walk_forward,walk_forward,0.14285714285714285,0.21951219512195122,0.07665505226480837,0.17142857142857143,False
intervention,front,10,20.46968635642369,9.828551096272275,0.0,4.533556709225451,0.037826767864847836,walk_forward,walk_forward,0.5714285714285714,0.5609756097560976,-0.010452961672473782,0.5428571428571428,False
intervention,front,11,20.96968635642369,9.828551096272275,0.0,4.033958699861315,0.04251420878634935,walk_forward,walk_forward,0.2857142857142857,0.21951219512195122,-0.06620209059233448,0.2857142857142857,False
intervention,front,12,21.46968635642369,9.828551096272275,0.0,3.534474380811167,0.04852665283395616,walk_forward,walk_forward,0.14285714285714285,0.21951219512195122,0.07665505226480837,0.17142857142857143,False
intervention,front,13,21.96968635642369,9.828551096272275,0.0,3.0351598812968934,0.0565176859009701,walk_forward,walk_forward,0.5714285714285714,0.5609756097560976,-0.010452961672473782,0.5428571428571428,False
intervention,front,14,22.46968635642369,9.828551096272275,0.0,2.536115506332048,0.06765455440744184,walk_forward,walk_forward,0.2857142857142857,0.21951219512195122,-0.06620209059233448,0.2857142857142857,False
intervention,front,15,22.96968635642369,9.828551096272275,0.0,2.037539746331725,0.08424467413613633,walk_forward,walk_forward,0.14285714285714285,0.21951219512195122,0.07665505226480837,0.17142857142857143,False
intervention,front,16,23.46968635642369,9.828551096272275,0.0,1.5398878447163744,0.11156988887839717,walk_forward,walk_forward,0.5714285714285714,0.5609756097560976,-0.010452961672473782,0.5428571428571428,False
intervention,front,17,23.96968635642369,9.828551096272275,0.0,1.0444811777762826,0.16489365823890367,walk_forward,walk_forward,0.2857142857142857,0.21951219512195122,-0.06620209059233448,0.2857142857142857,False
intervention,front,18,24.43937271284738,10.0,0.35,0.5606272871526201,-0.35,turn_left,turn_left,0.14285714285714285,0.21951219512195122,0.07665505226480837,0.17142857142857143,False
intervention,front,19,24.93937271284738,10.0,0.0,0.06062728715262011,0.0,turn_right,turn_right,0.5714285714285714,0.5609756097560976,-0.010452961672473782,0.5428571428571428,False
intervention,front,20,25.43937271284738,10.0,0.0,0.4393727128473799,3.141592653589793,walk_forward,walk_forward,0.2857142857142857,0.21951219512195122,-0.06620209059233448,0.2857142857142857,False
intervention,front,21,25.90905906927107,10.171448903727725,0.35,0.9250854652481697,2.978003418888879,turn_left,turn_left,0.14285714285714285,0.21951219512195122,0.07665505226480837,0.17142857142857143,False
intervention,front,22,26.291480162913313,10.493557747346571,0.7,1.3825773978929423,2.8066296036517566,turn_left,turn_left,0.5714285714285714,0.5609756097560976,-0.010452961672473782,0.5428571428571428,False
intervention,front,23,26.540265686859176,10.92726936014358,1.0499999999999998,1.7978450579448864,2.6334954626691793,turn_left,turn_left,0.2857142857142857,0.21951219512195122,-0.06620209059233448,0.2857142857142857,False
intervention,front,24,26.625249258309296,11.41999422513781,1.4,2.1581980333277215,2.459690762443693,turn_left,turn_left,0.14285714285714285,0.21951219512195122,0.07665505226480837,0.17142857142857143,False
intervention,front,25,26.536126230484548,11.911987198574778,1.75,2.4526269270919485,2.285566950962981,turn_left,turn_left,0.5714285714285714,0.5609756097560976,-0.010452961672473782,0.5428571428571428,False
intervention,front,26,26.28370317818462,12.343591881899215,2.1,2.672137114480692,2.111274619834006,turn_left,turn_left,0.2857142857142857,0.21951219512195122,-0.06620209059233448,0.2857142857142857,False
intervention,front,27,25.898587551160965,12.662474232966467,2.45,2.8100228875067614,1.9368922830216466,turn_left,turn_left,0.14285714285714285,0.21951219512195122,0.07665505226480837,0.17142857142857143,False
intervention,front,28,25.427476380826636,12.82996830804442,2.8000000000000003,2.8620720956503582,1.7624689563755356,turn_left,turn_left,0.5714285714285714,0.5609756097560976,-0.010452961672473782,0.5428571428571428,False
intervention,front,29,24.927494051590966,12.825764684360845,-3.1331853071795863,2.826694741908938,1.5880422285078117,turn_left,turn_left,0.2857142857142857,0.21951219512195122,-0.06620209059233448,0.2857142857142857,False
intervention,front,30,24.45926570794557,12.650373070516034,-2.7831853071795862,2.7049715317393264,1.41364879540306,turn_left,turn_left,0.14285714285714285,0.21951219512195122,0.07665505226480837,0.17142857142857143,False
intervention,front,31,24.079566178376815,12.325060501983451,-2.433185307179586,2.500620874477256,1.239334456912217,turn_left,turn_left,0.5714285714285714,0.5609756097560976,-0.010452961672473782,0.5428571428571428,False
intervention,front,32,23.834435767706466,11.889272615776656,-2.083185307179586,2.219885356572628,1.0651699482260542,turn_left,turn_left,0.2857142857142857,0.21951219512195122,-0.06620209059233448,0.2857142857142857,False
intervention,front,33,23.753597659529625,11.395850686525039,-1.733185307179586,1.8713412124469582,0.8912863919814128,turn_left,turn_left,0.14285714285714285,0.21951219512195122,0.07665505226480837,0.17142857142857143,False
intervention,front,34,23.84685384424091,10.904624380212873,-1.3831853071795859,1.465636832853722,0.7179773823786765,turn_left,turn_left,0.5714285714285714,0.5609756097560976,-0.010452961672473782,0.5428571428571428,False
intervention,front,35,24.10289658286183,10.475157133499577,-1.0331853071795858,1.015169366439174,0.546094520997441,turn_left,turn_left,0.2857142857142857,0.21951219512195122,-0.06620209059233448,0.2857142857142857,False
intervention,front,36,24.490679522116956,10.159523814563416,-0.6831853071795859,0.5337182745642831,0.37965454561266543,turn_left,turn_left,0.14285714285714285,0.21951219512195122,0.07665505226480837,0.17142857142857143,False
intervention,front,37,24.96318220678407,9.995996407128546,-0.33318530717958594,0.03703483027059031,0.4415004267421954,turn_left,turn_left,0.5714285714285714,0.5609756097560976,-0.010452961672473782,0.5428571428571428,False
intervention,front,38,25.463111524975776,10.004403357370721,0.016814692820414038,0.4631324585056885,3.1342858750491627,turn_left,turn_left,0.2857142857142857,0.21951219512195122,-0.06620209059233448,0.2857142857142857,False
intervention,front,39,25.929848760032034,10.183725284117122,0.366814692820414,0.9478257733133381,2.9698514864657146,turn_left,turn_left,0.14285714285714285,0.21951219512195122,0.07665505226480837,0.17142857142857143,False
intervention,front,40,26.306799887203685,10.512218583476516,0.716814692820414,1.4036003072293235,2.7983376615802356,turn_left,turn_left,0.5714285714285714,0.5609756097560976,-0.010452961672473782,0.5428571428571428,False
intervention,front,41,26.548257858031654,10.950051940272957,1.0668146928204139,1.8165079367217682,2.6251566912063704,turn_left,turn_left,0.2857142857142857,0.21951219512195122,-0.06620209059233448,0.2857142857142857,False
intervention,front,42,26.624944789050588,11.444136057211457,1.416814692820414,2.173930661083953,2.451331148960123,turn_left,turn_left,0.14285714285714285,0.21951219512195122,0.07665505226480837,0.17142857142857143,False
intervention,front,43,26.52756203908501,11.934560975021657,1.766814692820414,2.464948670729331,2.2771966483647432,turn_left,turn_left,0.5714285714285714,0.5609756097560976,-0.010452961672473782,0.5428571428571428,False
intervention,front,44,26.267917712026666,12.361860429065798,2.116814692820414,2.680671559676383,2.1028985380108822,turn_left,turn_left,0.2857142857142857,0.21951219512195122,-0.06620209059233448,0.2857142857142857,False
intervention,front,45,25.877494870223792,12.674222405942894,2.466814692820414,2.8145093220161965,1.9285132533019704,turn_left,turn_left,0.14285714285714285,0.21951219512195122,0.07665505226480837,0.17142857142857143,False
intervention,front,46,25.403634069158237,12.83377158711757,2.8168146928204143,2.8623734679003827,1.7540889467968406,turn_left,turn_left,0.5714285714285714,0.5609756097560976,-0.010452961672473782,0.5428571428571428,False
intervention,front,47,24.903793098543144,12.82116190454574,-3.1163706143591723,2.822801845604483,1.579662949081109,turn_left,turn_left,0.2857142857142857,0.21951219512195122,-0.06620209059233448,0.2857142857142857,False
intervention,front,48,24.438579962490767,12.637922339919776,-2.766370614359172,2.6970032869769907,1.4052721470484753,turn_left,turn_left,0.14285714285714285,0.21951219512195122,0.07665505226480837,0.17142857142857143,False
intervention,front,49,24.064403881774343,12.306271528644276,-2.416370614359172,2.4888206966903264,1.2309630948453054,turn_left,turn_left,0.5714285714285714,0.5609756097560976,-0.010452961672473782,0.5428571428571428,False
intervention,front,50,23.826635417776348,11.86642364865844,-2.066370614359172,2.204613725596475,1.0568083624453262,turn_left,turn_left,0.2857142857142857,0.21951219512195122,-0.06620209059233448,0.2857142857142857,False
intervention,front,51,23.75410508438207,11.371712267409015,-1.716370614359172,1.8530646738101162,0.8829436275703294,turn_left,turn_left,0.14285714285714285,0.21951219512195122,0.07665505226480837,0.17142857142857143,False
intervention,front,52,23.855607516291446,10.882123402833356,-1.3663706143591718,1.4449137879454719,0.7096757875175901,turn_left,turn_left,0.5714285714285714,0.5609756097560976,-0.010452961672473782,0.5428571428571428,False
intervention,front,53,24.11883507933236,10.457021944290172,-1.0163706143591718,0.9926332026372973,0.537909417410127,turn_left,turn_left,0.2857142857142857,0.21951219512195122,-0.06620209059233448,0.2857142857142857,False
intervention,front,54,24.51187022740288,10.147953388171656,-0.6663706143591718,0.5100596827501545,0.3720698623111425,turn_left,turn_left,0.14285714285714285,0.21951219512195122,0.07665505226480837,0.17142857142857143,False
intervention,front,55,24.987055650936718,9.992393710681093,-0.31637061435917185,0.015013720720561737,0.8476334710782936,turn_left,turn_left,0.5714285714285714,0.5609756097560976,-0.010452961672473782,0.5428571428571428,False
intervention,front,56,25.48677294368722,10.009205234291661,0.033629385640828124,0.4868599747815452,3.1268717494775116,turn_left,turn_left,0.2857142857142857,0.21951219512195122,-0.06620209059233448,0.2857142857142857,False
intervention,front,57,25.950429098048957,10.196349484864541,0.38362938564082805,0.9704991450922174,2.9616876021626,turn_left,turn_left,0.14285714285714285,0.21951219512195122,0.07665505226480837,0.17142857142857143,False
intervention,front,58,26.32180368440079,10.531134365962842,0.733629385640828,1.4245240239470365,2.7900423213051146,turn_left,turn_left,0.5714285714285714,0.5609756097560976,-0.010452961672473782,0.5428571428571428,False
intervention,front,59,26.555865835366845,10.97296567934516,1.083629385640828,1.8350424275327692,2.616816529689778,turn_left,turn_left,0.2857142857142857,0.21951219512195122,-0.06620209059233448,0.2857142857142857,False
intervention,front,60,26.624234444470762,11.468269357192595,1.433629385640828,2.189509633656815,2.442970852860546,turn_left,turn_left,0.14285714285714285,0.21951219512195122,0.07665505226480837,0.17142857142857143,False
intervention,front,61,26.5186195051198,11.956987562895936,1.783629385640828,2.477096187607515,2.2688259798401877,turn_left,turn_left,0.5714285714285714,0.5609756097560976,-0.010452961672473782,0.5428571428571428,False
intervention,front,62,26.25182731182524,12.379860978467402,2.133629385640828,2.6890165294143196,2.094522259934618,turn_left,turn_left,0.2857142857142857,0.21951219512195122,-0.06620209059233448,0.2857142857142857,False
intervention,front,63,25.856207638412975,12.685614267916872,2.4836293856408282,2.81879682065157,1.9201341354422967,turn_left,turn_left,0.14285714285714285,0.21951219512195122,0.07665505226480837,0.17142857142857143,False
intervention,front,64,25.379731179969387,12.837173446289723,2.8336293856408283,2.8624725209811968,1.7457089333940552,turn_left,turn_left,0.5714285714285714,0.5609756097560976,-0.010452961672473782,0.5428571428571428,False
intervention,front,65,24.88017288662952,12.816161269930303,-3.0995559215387583,2.8187094272652793,1.5712837491672842,turn_left,turn_left,0.2857142857142857,0.21951219512195122,-0.06620209059233448,0.2857142857142857,False
intervention,front,66,24.418106486592954,12.625125561338299,-2.749555921538758,2.6888444123334687,1.3968956828143286,turn_left,turn_left,0.14285714285714285,0.21951219512195122,0.07665505226480837,0.17142857142857143,False
intervention,front,67,24.04955964449688,12.287230274036135,-2.399555921538758,2.476844604700971,1.222592078207192,turn_left,turn_left,0.5714285714285714,0.5609756097560976,-0.010452961672473782,0.5428571428571428,False
intervention,front,68,23.819220350791202,11.843446757245383,-2.049555921538758,2.1891862704631073,1.0484474183685615,turn_left,turn_left,0.2857142857142857,0.21951219512195122,-0.06620209059233448,0.2857142857142857,False
intervention,front,69,23.755018298479964,11.347585792378188,-1.699555921538758,1.8346571627798132,0.8746021544791261,turn_left,turn_left,0.14285714285714285,0.21951219512195122,0.07665505226480837,0.17142857142857143,False
intervention,front,70,23.864738280085696,10.85977278964411,-1.3495559215387578,1.424088628743028,0.7013772779890308,turn_left,turn_left,0.5714285714285714,0.5609756097560976,-0.010452961672473782,0.5428571428571428,False
intervention,front,71,24.13507624594601,10.43915730703023,-0.9995559215387578,0.9700269277937036,0.5297346564049485,turn_left,turn_left,0.2857142857142857,0.21951219512195122,-0.06620209059233448,0.2857142857142857,False
intervention,front,72,24.53325248109197,10.136740895827089,-0.6495559215387579,0.4863654171488715,0.3645652740526206,turn_left,turn_left,0.14285714285714285,0.21951219512195122,0.07665505226480837,0.17142857142857143,False
intervention,front,73,25.01098629563249,9.989192929238042,-0.2995559215387579,0.015410758260983525,2.6639740531387104,turn_left,turn_left,0.5714285714285714,0.5609756097560976,-0.010452961672473782,0.5428571428571428,False
intervention,front,74,25.510350279254244,10.01440427314145,0.0504440784612421,0.5105535139626579,3.119365371884141,turn_left,turn_left,0.2857142857142857,0.21951219512195122,-0.06620209059233448,0.2857142857142857,False
intervention,front,75,25.970794264699798,10.20931793676464,0.40044407846124214,0.9931039739248991,2.95351261778677,turn_left,turn_left,0.14285714285714285,0.21951219512195122,0.07665505226480837,0.17142857142857143,False
intervention,front,76,26.336487312522546,10.550299746798707,0.7504440784612421,1.4453470683059,2.781743745894659,turn_left,turn_left,0.5714285714285714,0.5609756097560976,-0.010452961672473782,0.5428571428571428,False
intervention,front,77,26.563087467882355,10.99600409902214,1.100444078461242,1.8534472200523482,2.6084750291753473,turn_left,turn_left,0.2857142857142857,0.21951219512195122,-0.06620209059233448,0.2857142857142857,False
intervention,front,78,26.623118425403568,11.492387301940095,1.450444078461242,2.2049338497734112,2.4346098951947934,turn_left,turn_left,0.14285714285714285,0.21951219512195122,0.07665505226480837,0.17142857142857143,False
intervention,front,79,26.509301156886814,11.979260621590479,1.800444078461242,2.4890686190538425,2.260454955894051,turn_left,turn_left,0.5714285714285714,0.5609756097560976,-0.010452961672473782,0.5428571428571428,False
intervention,front,80,26.235436526774677,12.397588440858506,2.150444078461242,2.6971714338223665,2.086145791798652,turn_left,turn_left,0.2857142857142857,0.21951219512195122,-0.06620209059233448,0.2857142857142857,False
intervention,front,81,25.83473187420867,12.696646598098791,2.5004440784612423,2.8228850803491286,1.9117549338259308,turn_left,turn_left,0.14285714285714285,0.21951219512195122,0.07665505226480837,0.17142857142857143,False
intervention,front,82,25.355774471257813,12.840172923762655,2.8504440784612424,2.8623692478912086,1.7373289200315682,turn_left,turn_left,0.5714285714285714,0.5609756097560976,-0.010452961672473782,0.5428571428571428,False
intervention,front,83,24.856640093927254,12.810764194330128,-3.082741228718344,2.814417776165699,1.5629046331010625,turn_left,turn_left,0.2857142857142857,0.21951219512195122,-0.06620209059233448,0.2857142857142857,False
intervention,front,84,24.397851068661325,12.61198635276941,-2.732741228718344,2.680495484526313,1.3885194087677306,turn_left,turn_left,0.14285714285714285,0.21951219512195122,0.07665505226480837,0.17142857142857143,False
intervention,front,85,24.03503766341456,12.26794212164026,-2.382741228718344,2.4646934450634133,1.2142214172066366,turn_left,turn_left,0.5714285714285714,0.5609756097560976,-0.010452961672473782,0.5428571428571428,False
intervention,front,86,23.812192663192395,11.82034843773042,-2.032741228718344,2.1736040817318956,1.0400871362890083,turn_left,turn_left,0.2857142857142857,0.21951219512195122,-0.06620209059233448,0.2857142857142857,False
intervention,front,87,23.756337043632815,11.32347808264409,-1.6827412287183439,1.8161199806949002,0.8662620214257992,turn_left,turn_left,0.14285714285714285,0.21951219512195122,0.07665505226480837,0.17142857142857143,False
intervention,front,88,23.874243554108077,10.837578859772158,-1.3327412287183438,1.403162827972735,0.6930820068902684,turn_left,turn_left,0.5714285714285714,0.5609756097560976,-0.010452961672473782,0.5428571428571428,False
intervention,front,89,24.151615490882683,10.42156827253921,-0.9827412287183438,0.9473521434619354,0.5215710123996826,turn_left,turn_left,0.2857142857142857,0.21951219512195122,-0.06620209059233448,0.2857142857142857,False
intervention,front,90,24.55482023783881,10.125889507606649,-0.6327412287183438,0.4626372107422156,0.35715322274457295,turn_left,turn_left,0.14285714285714285,0.21951219512195122,0.07665505226480837,0.17142857142857143,False
intervention,front,91,25.03496737502644,9.986394967747472,-0.28274122871834384,0.037520850454541,3.0532784374317696,turn_left,turn_left,0.5714285714285714,0.5609756097560976,-0.010452961672473782,0.5428571428571428,False
intervention,front,92,25.533836865722005,10.019999004010211,0.06725877128165612,0.5342113433513881,3.111779134293218,turn_left,turn_left,0.2857142857142857,0.21951219512195122,-0.06620209059233448,0.2857142857142857,False
intervention,front,93,25.99093850219734,10.222626973282889,0.4172587712816561,1.01563865836734,2.945327306205269,turn_left,turn_left,0.14285714285714285,0.21951219512195122,0.07665505226480837,0.17142857142857143,False
intervention,front,94,26.350846620107404,10.569709307409012,0.7672587712816561,1.4660679677300277,2.773442088242169,turn_left,turn_left,0.5714285714285714,0.5609756097560976,-0.010452961672473782,0.5428571428571428,False
intervention,front,95,26.569920713826004,11.019160685715246,1.117258771281656,1.871721013134041,2.600132238332759,turn_left,turn_left,0.2857142857142857,0.21951219512195122,-0.06620209059233448,0.2857142857142857,False
intervention,front,96,26.62159704737799,11.516483072654164,1.467258771281656,2.2202022191033923,2.4262482962403826,turn_left,turn_left,0.14285714285714285,0.21951219512195122,0.07665505226480837,0.17142857142857143,False
intervention,front,97,26.499609628936856,12.001373853905022,1.8172587712816561,2.500865118772857,2.252083586728919,turn_left,turn_left,0.5714285714285714,0.5609756097560976,-0.010452961672473782,0.5428571428571428,False
intervention,front,98,26.21874999099628,12.415037804202711,2.1672587712816562,2.7051356964636146,2.0777691396674594,turn_left,turn_left,0.2857142857142857,0.21951219512195122,-0.06620209059233448,0.2857142857142857,False
intervention,front,99,25.81307364939427,12.70731627734846,2.5172587712816563,2.8267738121284545,1.9033756527865944,turn_left,turn_left,0.14285714285714285,0.21951219512195122,0.07665505226480837,0.17142857142857143,False
